School_Code,School_Name,School_Type,Function,Contact_Name,Address,Town,State,Zip,Phone,Fax,Grade,District,District_Code,Total_Enrollment,Percent_Students_Disabilities,Percent_Males,Percent_Females,Number_Classes,Average_Class_Size,Number_Students,Average_Salary,Total_Expenditures,Expenditures_per_Pupil,PPI
10505,Abington High,Public School,Principal,Teresa Sullivan-Cruz,201 Gliniewicz Way,Abington,MA,2351,781-982-2160,781-982-0061,"09,10,11,12",Abington,10000,452,9.7,45.6,54.4,204,15.8,451,74662,27229100.8,13270.84,63
10003,Beaver Brook Elementary School,Public School,Principal,Catherine Zinni,1 Ralph Hamlin Lane,Abington,MA,2351,781-982-2185,781-982-2187,"01,02,03,04",Abington,10000,580,13.3,50.2,49.8,325,24.6,643,74662,27229100.8,13270.84,63
10002,Center Elementary School,Public School,Principal,Lora Monachino,201 Gliniewicz Way,Abington,MA,2351,781-982-2195,781-982-0053,"PK,K",Abington,10000,203,21.2,54.2,45.8,112,14.6,208,74662,27229100.8,13270.84,63
10405,Frolio Middle School,Public School,Principal,Matthew MacCurtain,201 Gliniewicz Way,Abington,MA,2351,781-982-2170,781-982-2173,"07,08",Abington,10000,328,13.1,53.4,46.6,218,21.1,342,74662,27229100.8,13270.84,63
10015,Woodsdale Elementary School,Public School,Principal,Jonathan Hawes,128 Chestnut Street,Abington,MA,2351,781-982-2180,781-982-2184,"05,06",Abington,10000,353,10.8,50.7,49.3,121,30.4,334,74662,27229100.8,13270.84,63
30025,Acushnet Elementary School,Public School,Principal,Susan Beck,800 Middle Road,Acushnet,MA,2743,508-998-0255,508-998-0259,"PK,K,01,02,03,04",Acushnet,30000,538,14.3,53.2,46.8,237,20.1,558,64906,15201154.44,11860.15,50
30305,Albert F Ford Middle School,Public School,Principal,Michelle Silvia,708 Middle Road,Acushnet,MA,2743,508-998-0265,508-998-7316,"05,06,07,08",Acushnet,30000,417,13.7,50.8,49.2,309,16.9,426,64906,15201154.44,11860.15,50
50003,Agawam Early Childhood Center,Public School,Principal,Robin Fernandes,108 Perry Lane,Agawam,MA,1001,413-821-0598,413-821-0596,PK,Agawam,50000,151,41.1,57.6,42.4,16,11.9,191,64769,59044278.63,14363.21,54
50505,Agawam High,Public School,Principal,Thomas Schnepp,760 Cooper Street,Agawam,MA,1001,413-821-0521,413-821-0536,"09,10,11,12",Agawam,50000,1222,14.1,52,48,590,16.8,1242,64769,59044278.63,14363.21,54
50405,Agawam Junior High,Public School,Principal,Norman Robbins,1305 Springfield St,Feeding Hills,MA,1030,413-821-0561,413-786-4240,"07,08",Agawam,50000,562,14.9,47.9,52.1,847,11.8,607,64769,59044278.63,14363.21,54
50020,Benjamin J Phelps,Public School,Principal,Noelle Colbert,689 Main Street,Agawam,MA,1001,413-821-0587,413-786-0497,"K,01,02,03,04",Agawam,50000,385,13,52.7,47.3,229,16.8,361,64769,59044278.63,14363.21,54
50010,Clifford M Granger,Public School,Principal,Cheryl Salomao,31 So. Westfield Street,Feeding Hills,MA,1030,413-821-0581,413-821-0595,"K,01,02,03,04",Agawam,50000,293,19.1,50.2,49.8,159,19.8,296,64769,59044278.63,14363.21,54
50030,James Clark School,Public School,Principal,Shelley Russell,65 Oxford Street,Agawam,MA,1001,413-821-0576,413-821-0594,"K,01,02,03,04",Agawam,50000,329,17.6,53.2,46.8,182,18.2,315,64769,59044278.63,14363.21,54
50303,Roberta G. Doering School,Public School,Principal,Susan Federico,68 Main Street,Agawam,MA,1001,413-789-1400,413-789-7337,"05,06,07,08",Agawam,50000,599,15.2,53.4,46.6,348,16.8,598,64769,59044278.63,14363.21,54
50025,Robinson Park,Public School,Principal,Nicholas Bernier,65 Begley Street,Agawam,MA,1001,413-821-0584,413-786-9793,"K,01,02,03,04",Agawam,50000,377,13,51.7,48.3,229,17.7,385,64769,59044278.63,14363.21,54
70005,Amesbury Elementary,Public School,Principal,Walter Helliesen,20 South Hampton Road,Amesbury,MA,1913,978-388-3659,978-388-4961,"PK,K,01,02,03,04",Amesbury,70000,388,20.4,52.3,47.7,171,20.4,423,77147,33668081.3,13771.87,50
70505,Amesbury High,Public School,Principal,Elizabeth McAndrews,5 Highland Street,Amesbury,MA,1913,978-388-4800,978-388-3393,"09,10,11,12",Amesbury,70000,594,17,53.5,46.5,380,16.7,621,77147,33668081.3,13771.87,50
70515,Amesbury Innovation High School,Public School,Principal,Eryn Maguire,71 Friend Street,Amesbury,MA,1913,978-388-8037,978-388-8073,"09,10,11,12",Amesbury,70000,31,51.6,64.5,35.5,42,7.6,33,77147,33668081.3,13771.87,50
70013,Amesbury Middle,Public School,Principal,Michael Curry,220 Main Street,Amesbury,MA,1913,978-388-0515,978-388-1626,"05,06,07,08",Amesbury,70000,679,17.7,51.1,48.9,410,18.4,696,77147,33668081.3,13771.87,50
70010,Charles C Cashman Elementary,Public School,Principal,Mary Charette,193 Lions Mouth Road,Amesbury,MA,1913,978-388-4407,978-388-4479,"PK,K,01,02,03,04",Amesbury,70000,458,24,53.5,46.5,188,22.1,509,77147,33668081.3,13771.87,50
80009,Crocker Farm Elementary,Public School,Principal,Derek Shea,280 West Street,Amherst,MA,1002,413-362-1600,413-256-0835,"PK,K,01,02,03,04,05,06",Amherst,80000,404,21.8,50.5,49.5,109,18.1,405,71730,25999942,20236.57,54
80020,Fort River Elementary,Public School,Principal,Diane Chamberlain,70 So East Street,Amherst,MA,1002,413-362-1200,413-256-5941,"K,01,02,03,04,05,06",Amherst,80000,335,21.5,49.6,50.4,99,20.2,348,71730,25999942,20236.57,54
80050,Wildwood Elementary,Public School,Principal,Nicholas Yaffe,71 Strong Street,Amherst,MA,1002,413-362-1400,413-549-9519,"K,01,02,03,04,05,06",Amherst,80000,409,15.4,52.6,47.4,118,20.1,417,71730,25999942,20236.57,54
90505,Andover High,Public School,Principal,Philip Conrad,80 Shawsheen Road,Andover,MA,1810,978-247-5500,978-247-5770,"09,10,11,12",Andover,90000,1806,16.1,48.9,51.1,1160,14.7,1799,81211,97309355.83,15601.7,83
90310,Andover West Middle,Public School,Principal,Rebecca Franks,70 Shawsheen Road,Andover,MA,1810,978-247-5400,978-247-5490,"06,07,08",Andover,90000,532,16.7,46.2,53.8,276,19.9,541,81211,97309355.83,15601.7,83
90003,Bancroft Elementary,Public School,Principal,Michelle Costa,15 Bancroft Street,Andover,MA,1810,978-247-9500,978-247-9590,"K,01,02,03,04,05",Andover,90000,593,16.5,51.8,48.2,191,22.1,614,81211,97309355.83,15601.7,83
90305,Doherty Middle,Public School,Principal,Robin Wilson,50 Bartlet Street,Andover,MA,1810,978-247-9400,978-247-9490,"06,07,08",Andover,90000,561,20,50.8,49.2,293,19.4,557,81211,97309355.83,15601.7,83
90010,Henry C Sanborn Elementary,Public School,Principal,Jason DiCarlo,90 Lovejoy Road,Andover,MA,1810,978-247-9700,978-247-9790,"K,01,02,03,04,05",Andover,90000,381,14.2,54.9,45.1,123,22.1,397,81211,97309355.83,15601.7,83
90004,High Plain Elementary,Public School,Principal,Pamela Lathrop,333 High Plain Road,Andover,MA,1810,978-247-8600,978-247-8690,"K,01,02,03,04,05",Andover,90000,515,14,53.6,46.4,151,23.7,522,81211,97309355.83,15601.7,83
90005,Shawsheen School,Public School,Principal,Carol Green,18 Magnolia Avenue,Andover,MA,1810,978-247-8200,978-247-8290,PK,Andover,90000,73,49.3,53.4,46.6,8,12.5,100,81211,97309355.83,15601.7,83
90020,South Elementary,Public School,Principal,Tracy Crowley,55 Woburn Street,Andover,MA,1810,978-247-9800,978-247-9890,"K,01,02,03,04,05",Andover,90000,493,15.6,50.9,49.1,157,21.9,503,81211,97309355.83,15601.7,83
90025,West Elementary,Public School,Principal,Elizabeth Roos,58 Beacon Street,Andover,MA,1810,978-247-5300,978-247-5390,"K,01,02,03,04,05",Andover,90000,636,20.9,51.7,48.3,199,22.9,662,81211,97309355.83,15601.7,83
90350,Wood Hill Middle School,Public School,Principal,Patrick Bucco,11 Cross Street,Andover,MA,1810,978-247-8800,978-247-8890,"06,07,08",Andover,90000,419,18.9,45.8,54.2,232,18.6,423,81211,97309355.83,15601.7,83
100505,Arlington High,Public School,Principal,Matthew Janger,869 Mass Avenue,Arlington,MA,2476,781-316-3591,781-316-3504,"09,10,11,12",Arlington,100000,1290,11.1,49.1,50.9,682,14.3,1255,66493,72601544.08,13382.77,76
100010,Brackett,Public School,Principal,Stephanie Zerchykov,66 Eastern Avenue,Arlington,MA,2476,781-316-3705,781-316-3710,"K,01,02,03,04,05",Arlington,100000,476,11.8,52.1,47.9,182,18.3,475,66493,72601544.08,13382.77,76
100025,Cyrus E Dallin,Public School,Principal,Thad Dingman,185 Florence Avenue,Arlington,MA,2476,781-316-3722,781-316-3727,"K,01,02,03,04,05",Arlington,100000,466,14.2,51.9,48.1,195,16.9,471,66493,72601544.08,13382.77,76
100030,Hardy,Public School,Principal,Kristin Defrancisco,52 Lake Street,Arlington,MA,2474,781-316-3781,781-316-3717,"K,01,02,03,04,05",Arlington,100000,451,12.9,54.3,45.7,133,21.6,410,66493,72601544.08,13382.77,76
100005,John A Bishop,Public School,Principal,Mark McAneny,25 Columbia Road,Arlington,MA,2474,781-316-3791,781-316-3747,"K,01,02,03,04,05",Arlington,100000,425,9.2,49.4,50.6,126,23.7,427,66493,72601544.08,13382.77,76
100055,M Norcross Stratton,Public School,Principal,Michael Hanna,180 Mountain Avenue,Arlington,MA,2474,781-316-3754,781-316-3666,"K,01,02,03,04,05",Arlington,100000,396,14.1,49.7,50.3,161,17.2,396,66493,72601544.08,13382.77,76
100038,Menotomy Preschool,Public School,Principal,Joyce Schlenger,869 Massachusetts Avenue,Arlington,MA,2476,781-316-3698,781-316-3504,PK,Arlington,100000,70,52.9,62.9,37.1,5,14.4,72,66493,72601544.08,13382.77,76
100410,Ottoson Middle,Public School,Principal,Eileen Woods,63 Acton Street,Arlington,MA,2476,781-316-3745,781-641-5436,"06,07,08",Arlington,100000,1208,15.1,47,53,639,19.1,1148,66493,72601544.08,13382.77,76
100045,Peirce,Public School,Principal,Karen Hartley,85 Park Avenue Ext,Arlington,MA,2474,781-316-3736,781-316-3748,"K,01,02,03,04,05",Arlington,100000,276,11.6,49.6,50.4,84,22,264,66493,72601544.08,13382.77,76
100050,Thompson,Public School,Principal,Karen Donato,187 Everett Street,Arlington,MA,2474,781-316-3768,781-316-1419,"K,01,02,03,04,05",Arlington,100000,466,9,51.9,48.1,133,23,437,66493,72601544.08,13382.77,76
140505,Ashland High,Public School,Principal,Kelley St. Coeur,65 East Union St.,Ashland,MA,1721,508-881-0177,508-881-0186,"09,10,11,12",Ashland,140000,744,13.2,48.8,51.2,431,14.6,746,76355,37183646.87,13607.92,72
140405,Ashland Middle,Public School,Principal,David DiGirolamo,87 West Union Street,Ashland,MA,1721,508-881-0167,508-881-0169,"06,07,08",Ashland,140000,587,14.5,48.7,51.3,388,19.1,621,76355,37183646.87,13607.92,72
140015,David Mindess,Public School,Principal,Michael Caira,90 Concord Street,Ashland,MA,1721,508-881-0166,508-881-0153,"03,04,05",Ashland,140000,620,17.1,50.6,49.4,230,21.7,601,76355,37183646.87,13607.92,72
140010,Henry E Warren Elementary,Public School,Principal,Peter Regan,73 Fruit Street,Ashland,MA,1721,508-881-0188,508-881-0191,"K,01,02",Ashland,140000,619,12.6,49.8,50.2,143,21.2,616,76355,37183646.87,13607.92,72
140005,William Pittaway Elementary,Public School,Principal,Patricia White,75 Central Street,Ashland,MA,1721,508-881-0160,508-881-0193,PK,Ashland,140000,131,20.6,51.9,48.1,21,7.1,141,76355,37183646.87,13607.92,72
160001,A. Irvin Studley Elementary School,Public School,Principal,Joanne DiPalma,299 Rathbun Willard Drive,Attleboro,MA,2703,508-222-2621,508-226-0419,"K,01,02,03,04",Attleboro,160000,441,15.4,52.6,47.4,206,20.5,448,76386,81366329.22,12980.4,64
160515,Attleboro Community Academy,Public School,Principal,William Runey,100 Rathbun Willard Drive,Attleboro,MA,2703,508-222-5150,508-223-1579,"09,10,11,12",Attleboro,160000,63,9.5,54,46,50,7.6,72,76386,81366329.22,12980.4,64
160505,Attleboro High,Public School,Principal,William Runey,100 Rathbun Willard Drive,Attleboro,MA,2703,508-222-5150,508-223-1579,"09,10,11,12",Attleboro,160000,1671,14.2,54.2,45.8,930,18.1,1724,76386,81366329.22,12980.4,64
160315,Cyril K. Brennan Middle School,Public School,Principal,Frederick Souza,320 Rathbun Willard Drive,Attleboro,MA,2703,508-222-6260,508-223-1555,"05,06,07,08",Attleboro,160000,552,14.9,53.3,46.7,227,20.8,558,76386,81366329.22,12980.4,64
160008,Early Learning Center,Public School,Principal,Veronica Learned,7 James St,Attleboro,MA,2703,508-223-1563,508-223-1589,PK,Attleboro,160000,187,45.5,61.5,38.5,30,7.2,208,76386,81366329.22,12980.4,64
160045,Hill-Roberts Elementary School,Public School,Principal,Frank Rich,80 Roy Avenue,Attleboro,MA,2703,508-399-7560,508-399-7284,"K,01,02,03,04",Attleboro,160000,467,12.6,55,45,180,23.9,479,76386,81366329.22,12980.4,64
160040,Hyman Fine Elementary School,Public School,Principal,Patricia Martin,790 Oak Hill Avenue,Attleboro,MA,2703,508-222-1419,508-226-0255,"K,01,02,03,04",Attleboro,160000,443,12.2,47.2,52.8,185,22.4,453,76386,81366329.22,12980.4,64
160050,Peter Thacher Elementary School,Public School,Principal,Veronica Learned,160 James Street,Attleboro,MA,2703,508-226-4162,508-226-4165,"K,01,02,03,04",Attleboro,160000,394,24.4,53.8,46.2,223,16.5,405,76386,81366329.22,12980.4,64
160305,Robert J. Coelho Middle School,Public School,Principal,Andrew Boles,99 Brown Street,Attleboro,MA,2703,508-761-7551,508-399-6506,"05,06,07,08",Attleboro,160000,663,17.5,51,49,278,24.3,689,76386,81366329.22,12980.4,64
160035,Thomas Willett Elementary School,Public School,Principal,Jeffrey Cateon,32 Watson Avenue,Attleboro,MA,2703,508-222-0286,508-223-1536,"K,01,02,03,04",Attleboro,160000,449,14,52.3,47.7,185,21.7,416,76386,81366329.22,12980.4,64
160320,Wamsutta Middle School,Public School,Principal,Joseph Connor,300 Locust Street,Attleboro,MA,2703,508-223-1540,508-226-2087,"05,06,07,08",Attleboro,160000,579,17.1,53.7,46.3,228,21.8,563,76386,81366329.22,12980.4,64
170305,Auburn Middle,Public School,Principal,Joseph Gagnon,9 West Street,Auburn,MA,1501,508-832-7722,508-832-8655,"06,07,08",Auburn,170000,624,6.6,50.6,49.4,308,19,616,69481,32811408.1,13580.88,57
170505,Auburn Senior High,Public School,Principal,Casey Handfield,99 Auburn Street,Auburn,MA,1501,508-832-7711,508-832-7710,"PK,09,10,11,12",Auburn,170000,795,9.6,48.1,51.9,561,17.3,776,69481,32811408.1,13580.88,57
170010,Bryn Mawr,Public School,Principal,Elizabeth Chamberland,35 Swanson Road,Auburn,MA,1501,508-832-7733,508-832-7735,"K,01,02",Auburn,170000,286,9.1,52.1,47.9,48,23,278,69481,32811408.1,13580.88,57
170025,Pakachoag School,Public School,Principal,Jennifer Stanick,110 Pakachoag Street,Auburn,MA,1501,508-832-7788,508-832-7787,"K,01,02",Auburn,170000,281,7.8,52.3,47.7,48,21.5,258,69481,32811408.1,13580.88,57
170030,Swanson Road Intermediate School,Public School,Principal,Susan Lopez,10 Swanson Road,Auburn,MA,1501,508-832-7744,508-832-7732,"03,04,05",Auburn,170000,537,7.4,49.3,50.7,198,21.7,556,69481,32811408.1,13580.88,57
180510,Avon Middle High School,Public School,Principal,Dawn Stockwell,287 West Main Street,Avon,MA,2322,508-583-4822,508-588-5501,"07,08,09,10,11,12",Avon,180000,319,16.3,48.3,51.4,218,13.3,320,67547,10583378.28,14284.49,60
180010,Ralph D Butler,Public School,Principal,Darrin Reynolds,1 Patrick Clark Drive,Avon,MA,2322,508-587-7009,508-583-7193,"PK,K,01,02,03,04,05,06",Avon,180000,395,14.4,52.2,47.8,98,18,404,67547,10583378.28,14284.49,60
200505,Barnstable High,Public School,Principal,Patrick Clark,744 West Main Street,Hyannis,MA,2601,508-790-6445,508-790-6430,"08,09,10,11,12",Barnstable,200000,1866,12.2,48.7,51.3,700,15.3,1837,78757,83705428.29,15012.81,55
200315,Barnstable Intermediate School,Public School,Principal,James Anderson,895 Falmouth Road,Hyannis,MA,2601,508-790-6460,508-790-6435,"06,07",Barnstable,200000,754,17.8,48.7,51.3,463,15.1,752,78757,83705428.29,15012.81,55
200050,Barnstable United Elementary School,Public School,Principal,Mary Sullivan,730 Osterville West Barnstable Road,Marston Mills,MA,2648,508-420-2272,508-420-0185,"04,05",Barnstable,200000,852,13.4,52,48,385,23.4,804,78757,83705428.29,15012.81,55
200010,Centerville Elementary,Public School,Principal,Matthew Scheufele,658 Bay Ln,Centerville,MA,2632,508-790-9890,508-790-9895,"K,01,02,03",Barnstable,200000,293,15,53.9,46.1,86,19.6,317,78757,83705428.29,15012.81,55
200001,Enoch Cobb Early Learning Center,Public School,Principal,Nicole Caucci,77 Old Craigville Road,Hyannis,MA,2601,508-790-6493,508-790-9834,PK,Barnstable,200000,126,46,54.8,45.2,18,8.3,150,78757,83705428.29,15012.81,55
200025,Hyannis West Elementary,Public School,Principal,Eleanor Amato,549 West Main Street,Hyannis,MA,2601,508-790-6480,508-790-9844,"K,01,02,03",Barnstable,200000,356,7.3,54.8,45.2,108,22.1,356,78757,83705428.29,15012.81,55
200005,West Barnstable Elementary,Public School,Principal,Karen Cloutier,2463 Main St Route 6A,West Barnstable,MA,2668,508-362-4949,508-362-1740,"K,01,02,03",Barnstable,200000,260,12.7,56.5,43.5,64,24.1,258,78757,83705428.29,15012.81,55
200045,West Villages Elementary School,Public School,Principal,Kirk Gibbons,760 Osterville-West Barnstable Road,Marstons Mills,MA,2648,508-420-1100,508-420-1486,"K,01,02,03",Barnstable,200000,441,10.9,50.3,49.7,113,27.6,460,78757,83705428.29,15012.81,55
230505,Bedford High,Public School,Principal,Heather Galante,9 Mudge Way,Bedford,MA,1730,781-275-1700,781-275-6664,"PK,09,10,11,12",Bedford,230000,888,16,50.6,49.4,593,12.3,893,79410,46616267.25,17839.45,62
230305,John Glenn Middle,Public School,Principal,Kevin Tracey,99 McMahon Road,Bedford,MA,1730,781-275-3201,781-275-7632,"06,07,08",Bedford,230000,556,17.1,50.2,49.8,419,14.5,538,79410,46616267.25,17839.45,62
230010,Lt Elezer Davis,Public School,Principal,Beth Benoit,410 Davis Rd,Bedford,MA,1730,781-275-6804,781-275-7639,"K,01,02",Bedford,230000,598,8.7,50.2,49.8,82,22,593,79410,46616267.25,17839.45,62
230012,Lt Job Lane School,Public School,Principal,Robert Ackerman,66 Sweetwater Avenue,Bedford,MA,1730,781-275-7606,781-275-4722,"03,04,05",Bedford,230000,566,17.8,53.4,46.6,132,20.5,535,79410,46616267.25,17839.45,62
240505,Belchertown High,Public School,Principal,Christine Vigneux,142 Springfield Road,Belchertown,MA,1007,413-323-9419,413-323-9406,"09,10,11,12",Belchertown,240000,710,12,50.3,49.7,419,14,707,63183,31648711.82,12591.99,67
240006,Chestnut Hill Community School,Public School,Principal,Jennifer Champagne,59 State Street,Belchertown,MA,1007,413-323-0437,413-323-0459,"04,05,06",Belchertown,240000,578,20.8,50.5,49.5,237,22.5,578,63183,31648711.82,12591.99,67
240005,Cold Spring,Public School,Principal,Andrea Mastalerz,57 South Main Street,Belchertown,MA,1007,413-323-0428,413-323-0493,"PK,K",Belchertown,240000,170,15.3,44.7,55.3,39,16.4,179,63183,31648711.82,12591.99,67
240025,Jabish Middle School,Public School,Principal,Thomas Ruscio,62 North Washington Street,Belchertown,MA,1007,413-323-0433,413-323-0450,"07,08",Belchertown,240000,395,18.5,51.9,48.1,295,15.6,409,63183,31648711.82,12591.99,67
240018,Swift River Elementary,Public School,Principal,Robert Kuhn,57 State Street,Belchertown,MA,1007,413-323-0472,413-323-0492,"01,02,03",Belchertown,240000,501,21,52.1,47.9,222,20.3,505,63183,31648711.82,12591.99,67
250003,Bellingham Early Childhood Center,Public School,Principal,Pamela Fuhrman,338 Hartford Avenue,Bellingham,MA,2019,508-966-2512,--,PK,Bellingham,250000,96,37.5,57.3,42.7,7,15.7,100,71691,33532419,13220.48,65
250505,Bellingham High School,Public School,Principal,Lucas Giguere,60 Blackstone Street,Bellingham,MA,2019,508-966-3761,508-966-4183,"08,09,10,11,12",Bellingham,250000,739,19.4,54.5,45.5,343,18.3,748,71691,33532419,13220.48,65
250315,Bellingham Memorial School,Public School,Principal,Jeffrey Croteau,130 Blackstone Street,Bellingham,MA,2019,508-883-2330,508-883-2037,"04,05,06,07",Bellingham,250000,711,17.6,49.9,50.1,251,20.2,732,71691,33532419,13220.48,65
250510,Keough Memorial Academy,Public School,Principal,David Cutler,60 Harpin Street,Bellingham,MA,2019,508-883-5403,508-883-5408,"07,08,09,10,11,12",Bellingham,250000,34,73.5,64.7,32.4,36,8.6,40,71691,33532419,13220.48,65
250020,South Elementary,Public School,Principal,Judith Lamarre,70 Harpin Street,Bellingham,MA,2019,508-883-8001,508-883-5081,"K,01,02,03",Bellingham,250000,335,13.7,50.1,49.9,72,20,360,71691,33532419,13220.48,65
250025,Stall Brook,Public School,Principal,Brenda Maurao,342 Hartford Avenue,Bellingham,MA,2019,508-966-0451,508-966-4679,"K,01,02,03",Bellingham,250000,342,13.5,46.8,53.2,84,16,337,71691,33532419,13220.48,65
260505,Belmont High,Public School,Principal,Dan Richards,221 Concord Avenue,Belmont,MA,2478,617-993-5901,617-993-5909,"09,10,11,12",Belmont,260000,1264,5.7,46.9,53.1,459,19.2,1249,85241,56228501.75,13028.52,100
260015,Daniel Butler,Public School,Principal,Danielle Betancourt,90 White Street,Belmont,MA,2478,617-993-5550,617-484-7921,"K,01,02,03,04",Belmont,260000,363,7.2,52.6,47.4,65,22.8,369,85241,56228501.75,13028.52,100
260010,Mary Lee Burbank,Public School,Principal,Tricia Clifford,266 School Street,Belmont,MA,2478,617-993-5500,617-484-2050,"K,01,02,03,04",Belmont,260000,373,5.6,49.6,50.4,61,22.8,346,85241,56228501.75,13028.52,100
260035,Roger E Wellington,Public School,Principal,Amy Spangler,121 Orchard Street,Belmont,MA,2478,617-993-5600,617-484-1790,"PK,K,01,02,03,04",Belmont,260000,641,10.9,55.1,44.9,106,22.5,648,85241,56228501.75,13028.52,100
260005,Winn Brook,Public School,Principal,Janet Carey,97 Waterhouse Rd,Belmont,MA,2478,617-993-5700,617-484-2657,"K,01,02,03,04",Belmont,260000,468,8.1,51.3,48.7,82,22.4,458,85241,56228501.75,13028.52,100
260305,Winthrop L Chenery Middle,Public School,Principal,Michael McAllister,95 Washington Street,Belmont,MA,2478,617-993-5800,617-993-5809,"05,06,07,08",Belmont,260000,1357,10.2,49.7,50.3,641,22.1,1328,85241,56228501.75,13028.52,100
270010,Berkley Community School,Public School,Principal,Jennifer Francisco,59 South Main Street,Berkley,MA,2779,508-822-9550,508-822-3773,"PK,K,01,02,03,04",Berkley,270000,537,13.8,49.5,50.5,155,20.8,537,72749,11309630,13153.79,57
270305,Berkley Middle School,Public School,Principal,Kimberly Hebert,21 North Main Street,Berkley,MA,2779,508-884-9434,508-386-1044,"05,06,07,08",Berkley,270000,392,18.1,48,52,172,19.3,392,72749,11309630,13153.79,57
280005,Berlin Memorial,Public School,Principal,John Campbell,34 South Street,Berlin,MA,1503,978-838-2417,978-838-2395,"PK,K,01,02,03,04,05",Berlin,280000,190,15.3,57.4,42.6,113,15.6,186,78541,3573503.31,18680.1,59
300055,Ayers/Ryal Side School,Public School,Principal,Debra Lay,40 Woodland Avenue,Beverly,MA,1915,978-921-6116,978-921-1995,"K,01,02,03,04,05",Beverly,300000,525,14.3,52,48,24,22,528,71078,61663547.12,13188.37,75
300505,Beverly High,Public School,Principal,Elizabeth Taylor,100 Sohier Rd,Beverly,MA,1915,978-921-6132,978-927-9460,"09,10,11,12",Beverly,300000,1285,17.7,49.8,50.2,607,18.9,1285,71078,61663547.12,13188.37,75
300305,Briscoe Middle,Public School,Principal,Matthew Poska,7 Sohier Rd,Beverly,MA,1915,978-921-6103,978-927-7781,"06,07,08",Beverly,300000,1009,20.3,53.9,46.1,566,19.3,980,71078,61663547.12,13188.37,75
300010,Centerville Elementary,Public School,Principal,Julie Smith,17 Hull Street,Beverly,MA,1915,978-921-6120,978-921-8571,"K,01,02,03,04,05",Beverly,300000,358,20.1,52.2,47.8,22,16.5,363,71078,61663547.12,13188.37,75
300015,Cove Elementary,Public School,Principal,Lisa Fiandaca,20 Eisenhower Avenue,Beverly,MA,1915,978-921-6121,978-921-8551,"K,01,02,03,04,05",Beverly,300000,464,17.5,52.2,47.8,29,15.8,457,71078,61663547.12,13188.37,75
300033,Hannah Elementary,Public School,Principal,Gabrielle Montevecchi,41R Brimbal Avenue,Beverly,MA,1915,978-921-6126,978-921-6084,"K,01,02,03,04,05",Beverly,300000,381,19.4,51.4,48.6,22,16.8,369,71078,61663547.12,13188.37,75
300002,McKeown School,Public School,Principal,Stacy Bucyk,70 Balch Street,Beverly,MA,1915,978-921-6100,978-921-8555,PK,Beverly,300000,112,56.3,63.4,36.6,15,9,135,71078,61663547.12,13188.37,75
300040,North Beverly Elementary,Public School,Principal,Erin Brown,48 Putnam Street,Beverly,MA,1915,978-921-6130,978-921-4007,"K,01,02,03,04,05",Beverly,300000,391,16.9,51.9,48.1,25,17,425,71078,61663547.12,13188.37,75
310505,Billerica Memorial High School,Public School,Principal,Thomas Murphy,35 River Street,Billerica,MA,1821,978-528-8712,978-528-8719,"PK,09,10,11,12",Billerica,310000,1376,14.9,49.9,50.1,559,17.7,1388,74345,83776392,15434.97,63
310030,Eugene C Vining,Public School,Principal,Christine Gibelli,121 Lexington Rd,Billerica,MA,1821,978-528-8630,978-436-9587,"K,01,02,03,04,05",Billerica,310000,197,13.7,53.8,46.2,106,16.5,200,74345,83776392,15434.97,63
310007,Frederick J Dutile,Public School,Principal,Christine Balzotti,10 Biagiotti Way,North Billerica,MA,1862,978-528-8530,978-436-9548,"K,01,02,03,04,05",Billerica,310000,303,17.2,50.2,49.8,144,18.8,301,74345,83776392,15434.97,63
310026,Hajjar Elementary,Public School,Principal,Elizabeth Devine,59 Rogers Street,Billerica,MA,1862,978-528-8550,978-436-9556,"K,01,02,03,04,05",Billerica,310000,477,13.6,53.2,46.8,221,20.3,509,74345,83776392,15434.97,63
310012,John F Kennedy,Public School,Principal,David Marble,20 Kimbrough Rd,Billerica,MA,1821,978-528-8570,978-436-9567,"K,01,02,03,04,05",Billerica,310000,321,9.7,50.5,49.5,159,18.7,340,74345,83776392,15434.97,63
310310,Locke Middle,Public School,Principal,Anthony Garas,110 Allen Rd,Billerica,MA,1821,978-528-8650,978-528-8659,"06,07,08",Billerica,310000,536,19.2,51.1,48.9,392,18.4,600,74345,83776392,15434.97,63
310305,Marshall Middle School,Public School,Principal,Michael Rossi,15 Floyd Street,Billerica,MA,1821,978-528-8670,978-528-8679,"06,07,08",Billerica,310000,623,19.3,49.6,50.4,333,19.2,683,74345,83776392,15434.97,63
310015,Parker,Public School,Principal,Suzanne Sullivan,52 River Street,Billerica,MA,1821,978-528-8610,978-528-8619,"K,01,02,03,04,05",Billerica,310000,507,18.1,55.8,44.2,211,20.2,489,74345,83776392,15434.97,63
310005,Thomas Ditson,Public School,Principal,Victoria Hatem,39 Cook Street,Billerica,MA,1821,978-528-8510,978-436-9537,"K,01,02,03,04,05",Billerica,310000,542,12.7,48.9,51.1,260,19,558,74345,83776392,15434.97,63
350541,Another Course To College,Public School,Principal,Michele Pellam,612 Metropolitan Av,Hyde Park,MA,2136,617-635-8865,617-635-8866,"09,10,11,12",Boston,350000,223,22,49.3,50.7,101,16.8,239,88790,1269579527,19246.36,53
350003,Baldwin Early Learning Center,Public School,Principal,Tavia Mead,121 Corey Road,Brighton,MA,2135,617-635-8409,617-635-9544,"PK,K,01",Boston,350000,159,23.3,59.7,40.3,22,18.8,157,88790,1269579527,19246.36,53
350021,Beethoven,Public School,Principal,Edward Puliafico,5125 Washington Street,West Roxbury,MA,2132,617-635-8149,617-635-8155,"PK,K,01,02,03",Boston,350000,329,14.6,49.5,50.5,155,17.2,349,88790,1269579527,19246.36,53
350390,Blackstone,Public School,Principal,Jamel Adkins-sharif,380 Shawmut Avenue,Boston,MA,2118,617-635-8471,617-635-7975,"PK,K,01,02,03,04,05",Boston,350000,585,23.6,52.6,47.4,321,18.6,654,88790,1269579527,19246.36,53
350548,Boston Adult Academy,Public School,Principal,Benjamin Helfat,20 Church St,Back Bay,MA,2116,617-635-1542,617-635-6362,"11,12",Boston,350000,197,7.1,48.7,51.3,84,18.1,245,88790,1269579527,19246.36,53
350546,Boston Arts Academy,Public School,Principal,Anne Clark,174 Ipswich Street,Boston,MA,2215,617-635-6470,617-635-8854,"09,10,11,12",Boston,350000,447,13.4,36.2,63.8,249,14.6,433,88790,1269579527,19246.36,53
350755,Boston Collaborative High School,Public School,Principal,Sherri Neasman,60 Hawthorne St,Roslindale,MA,2131,617-635-8035,617-635-6821,"07,08,09,10,11,12",Boston,350000,193,17.6,51.8,48.2,15,31.1,259,88790,1269579527,19246.36,53
350558,Boston Community Leadership Academy,Public School,Principal,Francine Locker,655 Metropolitan Ave,Hyde Park,MA,2136,617-635-8937,617-635-8942,"09,10,11,12",Boston,350000,500,22,51.2,48.8,226,16.5,502,88790,1269579527,19246.36,53
350507,Boston International High School,Public School,Principal,Thomas King,100 Maxwell St,Dorchester,MA,2124,617-635-9373,617-635-8224,"09,10,11,12",Boston,350000,378,4.2,51.9,48.1,168,15.3,518,88790,1269579527,19246.36,53
350560,Boston Latin,Public School,Principal,Rachel Skerritt,78 Avenue Louis Pasteur,Boston,MA,2115,617-635-8895,617-635-7883,"07,08,09,10,11,12",Boston,350000,2403,2.1,45.1,54.9,790,25.8,2429,88790,1269579527,19246.36,53
350545,Boston Latin Academy,Public School,Principal,Chimdi Uchendu,205 Townsend Street,Dorchester,MA,2121,617-635-9957,617-635-6696,"07,08,09,10,11,12",Boston,350000,1698,2.9,41.9,58.1,680,17.9,1690,88790,1269579527,19246.36,53
350012,Boston Teachers Union School,Public School,Principal,Lindsay Chaves,25 Walk Hill Street,Jamaica Plain,MA,2130,617-635-7717,617-635-9289,"PK,K,01,02,03,04,05,06,07,08",Boston,350000,296,21.6,51.4,48.6,132,18.6,325,88790,1269579527,19246.36,53
350505,Brighton High,Public School,Principal,Robert Rametti,25 Warren Street,Brighton,MA,2135,617-635-9873,617-635-9892,"09,10,11,12",Boston,350000,811,23.8,60.3,39.7,321,17.8,958,88790,1269579527,19246.36,53
350036,Carter Developmental Center,Public School,Principal,Mark O'connor,396 Northampton Street,Boston,MA,2118,617-635-9832,617-635-7935,"07,08,09,10,11,12",Boston,350000,29,100,62.1,37.9,1,27,27,88790,1269579527,19246.36,53
350054,Charles H Taylor,Public School,Principal,Jennifer Marks,1060 Morton Street,Mattapan,MA,2126,617-635-8731,617-635-6877,"PK,K,01,02,03,04,05",Boston,350000,507,15,51.1,48.9,279,18.6,592,88790,1269579527,19246.36,53
350052,Charles Sumner,Public School,Principal,Catherine MacCuish,15 Basile Street,Roslindale,MA,2131,617-635-8131,617-635-8136,"PK,K,01,02,03,04,05",Boston,350000,558,21,53.2,46.8,296,18.9,584,88790,1269579527,19246.36,53
350515,Charlestown High,Public School,Principal,William Thomas,240 Medford Street,Charlestown,MA,2129,617-635-9914,617-635-9928,"09,10,11,12",Boston,350000,910,25.3,60.1,39.9,451,15.2,952,88790,1269579527,19246.36,53
350430,Clarence R Edwards Middle,Public School,Principal,Laryssa Doherty,28 Walker Street,Charlestown,MA,2129,617-635-8516,617-635-8522,"06,07,08",Boston,350000,335,31.6,54.3,45.7,185,19.4,397,88790,1269579527,19246.36,53
350518,Community Academy,Public School,Principal,Rayna Briceno,25 Glen Road,Jamaica Plain,MA,2130,617-635-8950,617-635-8948,"09,10,11,12",Boston,350000,44,18.2,88.6,11.4,51,7.6,76,88790,1269579527,19246.36,53
350581,Community Academy of Science and Health,Public School,Principal,Robin Lee,11 Charles Street,Dorchester,MA,2122,617-635-8950,617-635-8948,"09,10,11,12",Boston,350000,365,36.2,54,46,172,16.6,442,88790,1269579527,19246.36,53
350020,Curley K-8 School,Public School,Principal,Katherine Grassa,493 Centre St.,Jamaica Plain,MA,2130,617-635-8176,617-635-8184,"PK,K,01,02,03,04,05,06,07,08",Boston,350000,948,26.2,49.6,50.4,368,19,950,88790,1269579527,19246.36,53
350062,Curtis Guild,Public School,Principal,Karen McCarthy,195 Leyden Street,East Boston,MA,2128,617-635-8523,617-635-8526,"PK,K,01,02,03,04,05",Boston,350000,309,21,52.4,47.6,158,16.8,365,88790,1269579527,19246.36,53
350066,Dante Alighieri Montessori School,Public School,Principal,Glenda Colon,37 Gove Street,East Boston,MA,2128,617-635-8529,617-635-7691,"PK,K,01,02,03,04,05,06",Boston,350000,96,10.4,49,51,75,6.6,87,88790,1269579527,19246.36,53
350072,David A Ellis,Public School,Principal,Cynthia Jacobs,302 Walnut Avenue,Roxbury,MA,2119,617-635-8257,617-635-8262,"PK,K,01,02,03,04,05",Boston,350000,438,13.7,49.8,50.2,178,18.6,483,88790,1269579527,19246.36,53
350074,Dearborn,Public School,Principal,Lisa Gilbert-Smith,60 Washington St,Dorchester,MA,2121,617-635-8412,617-635-8419,"06,07,08,09,10,11,12",Boston,350000,309,12.9,55,45,177,13.9,277,88790,1269579527,19246.36,53
350077,Dennis C Haley,Public School,Principal,Kathleen Sullivan,570 American Legion Highway,Roslindale,MA,2131,617-635-8169,617-635-8173,"PK,K,01,02,03,04,05,06,07,08",Boston,350000,452,31,48.5,51.5,179,22.9,461,88790,1269579527,19246.36,53
350080,Donald Mckay,Public School,Principal,Jordan Weymer,122 Cottage Street,East Boston,MA,2128,617-635-8510,617-635-8515,"PK,K,01,02,03,04,05,06,07,08",Boston,350000,732,13,51.2,48.8,315,19.2,722,88790,1269579527,19246.36,53
350651,Dorchester Academy,Public School,Principal,Melissa Malone Sanjeh,11 Charles St,Dorchester,MA,2125,617-635-9730,617-635-8847,"09,10,11,12",Boston,350000,99,34.3,45.5,54.5,115,10.7,124,88790,1269579527,19246.36,53
350008,Dr. Catherine Ellison-Rosa Parks Early Ed School,Public School,Principal,Benjamin Rockoff,108 Babson Street,Mattapan,MA,2126,617-635-7680,617-635-6491,"PK,K,01,02,03",Boston,350000,189,21.2,55.6,44.4,54,18.2,190,88790,1269579527,19246.36,53
350266,Dr. William Henderson Lower,Public School,Principal,Patricia Lampron,1669 Dorchester Avenue,Dorchester,MA,2122,617-635-8725,617-635-8728,"PK,K,01,02",Boston,350000,217,25.8,47.9,52.1,47,25.1,225,88790,1269579527,19246.36,53
350426,Dr. William Henderson Upper,Public School,Principal,Patricia Lampron,18 Croftland Av,Dorchester,MA,2124,617-635-6365,617-635-6367,"03,04,05,06,07,08,09,10,11,12",Boston,350000,505,42.6,54.7,45.3,211,17.1,413,88790,1269579527,19246.36,53
350006,ELC - West Zone,Public School,Principal,Jean Larrabee,200 Heath Street,Jamaica Plain,MA,2130,617-635-8275,617-635-9370,"PK,K,01",Boston,350000,114,22.8,54.4,45.6,23,17.4,95,88790,1269579527,19246.36,53
350009,East Boston Early Childhood Center,Public School,Principal,Olga Frechon,135 Grove Street,East Boston,MA,2128,617-635-6456,617-635-8864,"PK,K,01",Boston,350000,170,22.4,55.3,44.7,42,17.9,183,88790,1269579527,19246.36,53
350530,East Boston High,Public School,Principal,Phillip Brangiforte,86 White Street,East Boston,MA,2128,617-635-9896,617-635-9726,"09,10,11,12",Boston,350000,1496,15.4,56.7,43.3,460,17.7,1588,88790,1269579527,19246.36,53
350375,Edison K-8,Public School,Principal,Samantha Varano,60 Glenmont Road,Brighton,MA,2135,617-635-8436,617-635-8446,"PK,K,01,02,03,04,05,06,07,08",Boston,350000,688,21.9,54.4,45.6,371,19.8,855,88790,1269579527,19246.36,53
350088,Edward Everett,Public School,Principal,Karen Cahill,71 Pleasant Street,Dorchester,MA,2125,617-635-8778,617-635-8780,"PK,K,01,02,03,04,05",Boston,350000,278,14.7,52.9,47.1,91,20.9,295,88790,1269579527,19246.36,53
350096,Eliot Elementary,Public School,Principal,Traci Griffith,16 Charter Street,Boston,MA,2113,617-635-8545,617-635-8550,"PK,K,01,02,03,04,05,06,07,08",Boston,350000,558,20.3,50.7,49.3,288,18.7,520,88790,1269579527,19246.36,53
350100,Ellis Mendell,Public School,Principal,Julia Bott,164 School Street,Roxbury,MA,2119,617-635-8234,617-635-8238,"PK,K,01,02,03,04,05",Boston,350000,244,22.5,52.5,47.5,81,18.4,237,88790,1269579527,19246.36,53
350522,Excel High School,Public School,Principal,Renee Mccall,95 G. Street,South Boston,MA,2127,617-635-9870,617-635-9711,"09,10,11,12",Boston,350000,525,27.4,61.9,38.1,247,17,587,88790,1269579527,19246.36,53
350540,Fenway High School,Public School,Principal,Geoffrey Walker,67 Alleghany St,Roxbury,MA,2120,617-635-9911,617-635-9204,"09,10,11,12",Boston,350000,360,19.7,47.2,52.8,107,21.9,342,88790,1269579527,19246.36,53
350116,Franklin D Roosevelt,Public School,Principal,Lynda-lee Sheridan,95 Needham Road,Hyde Park,MA,2136,617-635-8676,617-635-8679,"PK,K,01,02,03,04,05,06,07,08",Boston,350000,453,25.2,49,51,122,23,472,88790,1269579527,19246.36,53
350326,Gardner Pilot Academy,Public School,Principal,Erica Herman,30 Athol Street,Allston,MA,2134,617-635-8365,617-635-7812,"PK,K,01,02,03,04,05,06,07,08",Boston,350000,401,23.2,53.1,46.9,142,16.9,387,88790,1269579527,19246.36,53
350122,George H Conley,Public School,Principal,Joseph Foley,450 Poplar Street,Roslindale,MA,2131,617-635-8099,617-635-6417,"PK,K,01,02,03,04,05",Boston,350000,222,32.9,56.3,43.7,137,15.1,232,88790,1269579527,19246.36,53
350543,Greater Egleston Community High School,Public School,Principal,Julie Coles,80 School St,Roxbury,MA,2119,617-635-6429,617-635-6469,"10,11,12",Boston,350000,225,12.9,53.8,46.2,67,15.3,267,88790,1269579527,19246.36,53
350200,Harvard-Kent,Public School,Principal,Jason Gallagher,50 Bunker Hill Street,Charlestown,MA,2129,617-635-8358,617-635-8364,"PK,K,01,02,03,04,05",Boston,350000,495,21.6,55.8,44.2,285,16.8,532,88790,1269579527,19246.36,53
350010,Haynes Early Education Center,Public School,Principal,Donette Wilson-Wood,263 Blue Hill Avenue,Roxbury,MA,2119,617-635-6446,617-635-9795,"PK,K,01",Boston,350000,187,13.4,52.9,47.1,61,16.5,181,88790,1269579527,19246.36,53
350135,Henry Grew,Public School,Principal,Christine Connolly,40 Gordon Avenue,Hyde Park,MA,2136,617-635-8715,617-635-8718,"PK,K,01,02,03,04,05",Boston,350000,239,5,49.8,50.2,99,21.6,286,88790,1269579527,19246.36,53
350015,Higginson,Public School,Principal,Marie Mullen,160 Harrishof Street,Roxbury,MA,2119,617-635-8247,617-635-8252,"PK,K,01,02",Boston,350000,173,28.9,54.3,45.7,73,17.7,196,88790,1269579527,19246.36,53
350377,Higginson/Lewis K-8,Public School,Principal,Darlene Ratliff,131 Walnut Avenue,Roxbury,MA,2119,617-635-8137,617-635-8252,"K,01,02,03,04,05,06,07,08",Boston,350000,355,27,55.2,44.8,221,18.1,438,88790,1269579527,19246.36,53
350750,Horace Mann School for the Deaf,Public School,Principal,Maritza Ciliberto,40 Armington Street,Allston,MA,2134,617-635-8534,617-635-6379,"PK,K,01,02,04,05,06,07,08,09,10,11,12",Boston,350000,90,97.8,61.1,38.9,119,5.8,106,88790,1269579527,19246.36,53
350141,Hugh Roe O'Donnell,Public School,Principal,C. Sura O'Mard,33 Trenton Street,East Boston,MA,2128,617-635-8454,617-635-8459,"PK,K,01,02,03,04,05",Boston,350000,272,12.5,51.5,48.5,80,23.1,296,88790,1269579527,19246.36,53
350013,Jackson Mann,Public School,Principal,Andy Tuite,40 Armington Street,Allston,MA,2134,617-635-8532,617-635-6379,"PK,K,01,02,03,04,05,06,07,08",Boston,350000,765,21.2,57.5,42.5,398,18.4,855,88790,1269579527,19246.36,53
350146,James Condon Elementary,Public School,Principal,Robert Chisholm,200 D Street,South Boston,MA,2127,617-635-8608,617-635-8611,"PK,K,01,02,03,04,05,06,07",Boston,350000,846,21.7,50.5,49.5,458,20.1,869,88790,1269579527,19246.36,53
350154,James J Chittick,Public School,Principal,Michelle Burnett-Herndon,154 Ruskindale Road,Mattapan,MA,2126,617-635-8652,617-635-6925,"PK,K,01,02,03,04,05",Boston,350000,296,26.4,55.1,44.9,143,15.5,331,88790,1269579527,19246.36,53
350156,James Otis,Public School,Principal,Paula Cerqueira-Goncalve,218 Marion Street,East Boston,MA,2128,617-635-8372,617-635-8376,"PK,K,01,02,03,04,05",Boston,350000,398,9,48.5,51.5,77,17.3,415,88790,1269579527,19246.36,53
350485,James P Timilty Middle,Public School,Principal,Tâ€™sheba Martin,205 Roxbury Street,Roxbury,MA,2119,617-635-8109,617-635-8115,"06,07,08",Boston,350000,371,24,53.1,46.9,179,21,473,88790,1269579527,19246.36,53
350153,James W Hennigan,Public School,Principal,Maria Cordon,200 Heath Street,Jamaica Plain,MA,2130,617-635-8264,617-635-8271,"K,01,02,03,04,05,06,07,08",Boston,350000,638,20.2,50.3,49.7,358,16.8,658,88790,1269579527,19246.36,53
350525,Jeremiah E Burke High,Public School,Principal,Lindsa McIntyre,60 Washington Street,Dorchester,MA,2121,617-635-9837,617-635-9852,"09,10,11,12",Boston,350000,489,12.1,51.9,48.1,184,18.2,554,88790,1269579527,19246.36,53
350172,John D Philbrick,Public School,Principal,Danladi Bobbitt,40 Philbrick Street,Roslindale,MA,2131,617-635-8069,617-635-7927,"PK,K,01,02,03,04,05",Boston,350000,172,12.2,52.9,47.1,53,22,168,88790,1269579527,19246.36,53
350166,John F Kennedy,Public School,Principal,Christine Copeland,7 Bolster Street,Jamaica Plain,MA,2130,617-635-8127,617-635-8130,"PK,K,01,02,03,04,05",Boston,350000,382,15.4,50,50,202,15.6,417,88790,1269579527,19246.36,53
350179,John W McCormack,Public School,Principal,Elvis Henriquez,315 Mt Vernon Street,Dorchester,MA,2125,617-635-8657,617-635-9788,"06,07,08",Boston,350000,444,24.1,51.4,48.6,371,19.4,596,88790,1269579527,19246.36,53
350180,John Winthrop,Public School,Principal,Leah Blake,35 Brookford Street,Dorchester,MA,2125,617-635-8379,617-635-9396,"PK,K,01,02,03,04,05",Boston,350000,329,12.5,46.5,53.5,155,18.7,362,88790,1269579527,19246.36,53
350182,Joseph J Hurley,Public School,Principal,Marjorie Soto,70 Worcester Street,Boston,MA,2118,617-635-8489,617-635-6868,"PK,K,01,02,03,04,05,06,07,08",Boston,350000,353,11.9,49.3,50.7,143,19.2,357,88790,1269579527,19246.36,53
350183,Joseph Lee,Public School,Principal,Kimberly Curtis,155 Talbot Avenue,Dorchester,MA,2124,617-635-8687,617-635-8692,"PK,K,01,02,03,04,05,06,07,08",Boston,350000,639,36.5,56,44,186,21.6,670,88790,1269579527,19246.36,53
350184,Joseph P Manning,Public School,Principal,Ethan d'Ablemont Burnes,130 Louders Lane,Jamaica Plain,MA,2130,617-635-8102,617-635-9348,"PK,K,01,02,03,04,05",Boston,350000,158,32.3,53.2,46.8,88,14.8,164,88790,1269579527,19246.36,53
350181,Joseph P Tynan,Public School,Principal,Leslie Gant,650 E. Fourth Street,South Boston,MA,2127,617-635-8641,617-635-9758,"PK,K,01,02,03,04,05",Boston,350000,268,37.7,58.2,41.8,75,11.1,358,88790,1269579527,19246.36,53
350286,Josiah Quincy,Public School,Principal,Cynthia Soo hoo,885 Washington Street,Boston,MA,2111,617-635-8497,617-635-7778,"PK,K,01,02,03,04,05",Boston,350000,854,15.5,50.2,49.8,467,17.9,804,88790,1269579527,19246.36,53
350190,Joyce Kilmer,Public School,Principal,Emily Berman,35 Baker Street,West Roxbury,MA,2132,617-635-8060,617-635-8063,"PK,K,01,02,03,04,05,06,07,08",Boston,350000,435,22.1,54.3,45.7,167,18.9,483,88790,1269579527,19246.36,53
350376,King K-8,Public School,Principal,Khita Pottinger,77 Lawrence Avenue,Dorchester,MA,2121,617-635-8212,617-635-9356,"PK,K,01,02,03,04,05,06,07,08",Boston,350000,490,17.6,51.4,48.6,208,20.8,518,88790,1269579527,19246.36,53
350001,Lee Academy,Public School,Principal,Amelia Gorman,25 Dunbar Avenue,Dorchester,MA,2124,617-635-8618,617-635-8621,"PK,K,01,02",Boston,350000,187,23,52.9,47.1,41,15.6,194,88790,1269579527,19246.36,53
350383,Lilla G. Frederick Middle School,Public School,Principal,Pauline Lugira,270 Columbia Road,Dorchester,MA,2121,617-635-1650,617-635-1637,"06,07,08",Boston,350000,519,29.1,53,47,280,16.4,591,88790,1269579527,19246.36,53
350262,Lyndon,Public School,Principal,Kathleen Tunney,20 Mt. Vernon Street,West Roxbury,MA,2132,617-635-6824,617-635-6828,"PK,K,01,02,03,04,05,06,07,08",Boston,350000,582,18,51.7,48.3,212,17.9,551,88790,1269579527,19246.36,53
350004,Lyon K-8,Public School,Principal,Deborah Rooney,50 Beechcroft Street,Brighton,MA,2135,617-635-7945,617-635-7949,"K,01,02,03,04,05,06,07,08",Boston,350000,139,33.8,55.4,44.6,75,15,137,88790,1269579527,19246.36,53
350655,Lyon Upper 9-12,Public School,Principal,Jean-Dominique Herve Anoh,95 Beechcroft Street,Brighton,MA,2135,617-635-8351,617-635-8353,"09,10,11,12",Boston,350000,126,41.3,50,50,80,11.9,124,88790,1269579527,19246.36,53
350537,Madison Park High,Public School,Principal,Shawn Shackelford,75 Malcolm X Blvd,Roxbury,MA,2120,617-635-8970,617-635-9831,"09,10,11,12",Boston,350000,841,34.8,56.5,43.5,450,11.7,839,88790,1269579527,19246.36,53
350215,Manassah E Bradley,Public School,Principal,Claire Rheaume,110 Beachview Road,East Boston,MA,2128,617-635-8422,617-635-6927,"PK,K,01,02,03,04,05",Boston,350000,286,13.3,50,50,89,21.4,318,88790,1269579527,19246.36,53
350549,Margarita Muniz Academy,Public School,Principal,Dania Vazquez,20 Child Street,Boston,MA,2130,617-470-6907,--,"09,10,11,12",Boston,350000,284,11.3,40.1,59.9,129,17.5,288,88790,1269579527,19246.36,53
350656,Mario Umana Academy,Public School,Principal,Claudia Gutierrez,312 Border Street,East Boston,MA,2128,617-635-8481,617-635-9545,"PK,K,01,02,03,04,05,06,07,08",Boston,350000,922,15.8,52.5,47.5,281,18.1,889,88790,1269579527,19246.36,53
350227,Mather,Public School,Principal,Rochelle Valdez,1 Parish Street,Dorchester,MA,2122,617-635-8757,617-635-8762,"PK,K,01,02,03,04,05",Boston,350000,617,13.6,49.1,50.9,271,21.4,644,88790,1269579527,19246.36,53
350226,Mattahunt,Public School,Principal,Walter Henderson,100 Hebron Street,Mattapan,MA,2126,617-635-8792,617-635-8799,"PK,K,01,02,03,04,05",Boston,350000,634,21,50.2,49.8,437,15.6,716,88790,1269579527,19246.36,53
350229,Maurice J Tobin,Public School,Principal,Efrain Toledano,40 Smith St,Roxbury,MA,2120,617-635-8393,617-635-7900,"PK,K,01,02,03,04,05,06,07,08",Boston,350000,465,15.1,50.5,49.5,272,19.6,494,88790,1269579527,19246.36,53
350231,Michael J Perkins,Public School,Principal,Craig Martin,50 Burke Street,South Boston,MA,2127,617-635-8601,617-635-9774,"K,01,02,03,04,05",Boston,350000,238,9.7,46.2,53.8,75,21.9,242,88790,1269579527,19246.36,53
350378,Mildred Avenue K-8,Public School,Principal,Andrew Rollins,5 Mildred Avenue,Mattapan,MA,2126,617-635-1642,617-635-1641,"PK,K,01,02,03,04,05,06,07,08",Boston,350000,505,23,50.5,49.5,182,17.7,473,88790,1269579527,19246.36,53
350382,Mission Hill School,Public School,Principal,Ayla Gavins,20 Child Street,Jamaica Plain,MA,2130,617-635-8189,617-635-7835,"PK,K,01,02,03,04,05,06,07,08",Boston,350000,217,33.2,58.5,41.5,9,31.2,237,88790,1269579527,19246.36,53
350237,Mozart,Public School,Principal,Michael Baulier,236 Beech Street,Roslindale,MA,2131,617-635-8082,617-635-8087,"PK,K,01,02,03,04,05",Boston,350000,175,19.4,57.7,42.3,73,14.7,179,88790,1269579527,19246.36,53
350243,Nathan Hale,Public School,Principal,Romaine Mills-teque,51 Cedar Street,Roxbury,MA,2119,617-635-8205,617-635-8558,"PK,K,01,02,03,04,05",Boston,350000,174,12.6,46,54,78,20.8,176,88790,1269579527,19246.36,53
350542,New Mission High School,Public School,Principal,Naia Wilson,655 Metropolitan Ave,Hyde Park,MA,2136,617-635-6437,617-635-6332,"09,10,11,12",Boston,350000,320,16.3,50.9,49.1,163,16.5,316,88790,1269579527,19246.36,53
350138,O W Holmes,Public School,Principal,Yeshi Gaskin,40 School Street,Dorchester,MA,2124,617-635-8681,617-635-8685,"PK,K,01,02,03,04,05",Boston,350000,368,28.8,53.3,46.7,132,21.1,395,88790,1269579527,19246.36,53
350575,O'Bryant School Math/Science,Public School,Principal,Tanya Freeman-Wisdom,55 Malcolm X Blvd,Roxbury,MA,2120,617-635-9932,617-635-7769,"07,08,09,10,11,12",Boston,350000,1437,3.5,44.3,55.7,392,22.3,1423,88790,1269579527,19246.36,53
350255,Oliver Hazard Perry,Public School,Principal,Geoffrey Rose,745 E. 7th Street,South Boston,MA,2127,617-635-8840,617-635-6387,"PK,K,01,02,03,04,05,06,07,08",Boston,350000,222,22.5,57.2,42.8,119,14.8,247,88790,1269579527,19246.36,53
350257,Orchard Gardens,Public School,Principal,Megan Webb,906 Albany Street,Roxbury,MA,2119,617-635-1660,617-635-1634,"PK,K,01,02,03,04,05,06,07,08",Boston,350000,886,12.4,51.2,48.8,372,20.6,896,88790,1269579527,19246.36,53
350264,Patrick J Kennedy,Public School,Principal,Kristen Goncalves,343 Saratoga Street,East Boston,MA,2128,617-635-8466,617-635-8469,"PK,K,01,02,03,04,05",Boston,350000,297,14.8,53.2,46.8,78,21.8,307,88790,1269579527,19246.36,53
350268,Paul A Dever,Public School,Principal,Todd Fishburne,325 Mt Vernon Street,Dorchester,MA,2125,617-635-8694,617-635-8097,"PK,K,01,02,03,04,05",Boston,350000,415,14.2,53.5,46.5,260,17.4,507,88790,1269579527,19246.36,53
350014,Pauline Agassiz Shaw Elementary School,Public School,Principal,Akosua Osei-Bobie,429 Norfolk Street,Dorchester,MA,2124,617-635-8777,617-635-8721,"PK,K,01,02",Boston,350000,203,9.4,53.7,46.3,36,21.3,158,88790,1269579527,19246.36,53
350278,Phineas Bates,Public School,Principal,Rodolfo Morales,426 Beech Street,Roslindale,MA,2131,617-635-8064,617-635-8068,"PK,K,01,02,03,04,05",Boston,350000,280,20.7,51.1,48.9,90,20.8,289,88790,1269579527,19246.36,53
350565,Quincy Upper School,Public School,Principal,Stephen Cirasuolo,152 Arlington Street,Boston,MA,2116,617-635-8940,617-635-1524,"06,07,08,09,10,11,12",Boston,350000,506,17,55.1,44.9,186,24.7,499,88790,1269579527,19246.36,53
350691,Rafael Hernandez,Public School,Principal,Ana Tavares,61 School Street,Roxbury,MA,2119,617-635-8187,617-635-8190,"PK,K,01,02,03,04,05,06,07,08",Boston,350000,407,6.6,45.5,54.5,163,22,408,88790,1269579527,19246.36,53
350240,Richard J Murphy,Public School,Principal,Courtney Sheppeck,1 Worrell Street,Dorchester,MA,2122,617-635-8781,617-635-8787,"PK,K,01,02,03,04,05,06,07,08",Boston,350000,946,15.2,53.5,46.5,346,22.8,950,88790,1269579527,19246.36,53
350298,Roger Clap,Public School,Principal,Marcia Riddick,35 Harvest Street,Dorchester,MA,2125,617-635-8672,617-635-6389,"PK,K,01,02,03,04,05",Boston,350000,170,18.8,47.1,52.9,46,21.6,168,88790,1269579527,19246.36,53
350302,Samuel Adams,Public School,Principal,Joanna Mckeigue-cruz,165 Webster Street,East Boston,MA,2128,617-635-8383,617-635-7822,"PK,K,01,02,03,04,05",Boston,350000,294,21.1,53.1,46.9,130,15.9,312,88790,1269579527,19246.36,53
350304,Samuel W Mason,Public School,Principal,Lauretta Lewis-medley,150 Norfolk Avenue,Roxbury,MA,2119,617-635-8405,617-635-8406,"PK,K,01,02,03,04,05",Boston,350000,231,29,56.7,43.3,51,17.9,242,88790,1269579527,19246.36,53
350308,Sarah Greenwood,Public School,Principal,Karla Gandiaga,189 Glenway Street,Dorchester,MA,2121,617-635-8710,617-635-8713,"PK,K,01,02,03,04,05,06,07,08",Boston,350000,399,24.8,51.6,48.4,139,16.5,427,88790,1269579527,19246.36,53
350690,Snowden International School at Copley,Public School,Principal,Eugene Roundtree,150 Newbury Street,Boston,MA,2116,617-635-9989,617-635-9996,"09,10,11,12",Boston,350000,439,20.5,47.4,52.6,151,17.7,371,88790,1269579527,19246.36,53
350657,TechBoston Academy,Public School,Principal,Nora Vernazza,9 Peacevale Road,Dorchester,MA,2124,617-635-1615,617-635-1622,"06,07,08,09,10,11,12",Boston,350000,972,22.1,55.5,44.5,548,17.3,992,88790,1269579527,19246.36,53
350535,The English High,Public School,Principal,A. freda Johnson,144 McBride Street,Jamaica Plain,MA,2130,617-635-8979,617-635-8988,"09,10,11,12",Boston,350000,553,19.7,55.7,44.3,215,15.1,572,88790,1269579527,19246.36,53
350328,Thomas J Kenny,Public School,Principal,Emily Bryan,19 Oakton Avenue,Dorchester,MA,2122,617-635-8789,617-635-8791,"PK,K,01,02,03,04,05",Boston,350000,332,17.2,53.9,46.1,159,16.4,321,88790,1269579527,19246.36,53
350167,UP Academy Holland,Public School,Principal,Hillary Casson,85 Olney Street,Dorchester,MA,2121,617-635-8832,617-635-8838,"PK,K,01,02,03,04,05",Boston,350000,759,13.3,50.9,49.1,150,31.8,752,88790,1269579527,19246.36,53
350579,Urban Science Academy,Public School,Principal,Jeffrey Cook,1205 V.F.W. Parkway,West Roxbury,MA,2132,617-635-8930,617-635-7895,"09,10,11,12",Boston,350000,432,26.2,60,40,310,15.3,552,88790,1269579527,19246.36,53
350346,Warren-Prescott,Public School,Principal,Michele Davis,50 School Street,Charlestown,MA,2129,617-635-8346,617-635-9454,"PK,K,01,02,03,04,05,06,07,08",Boston,350000,582,15.8,53.6,46.4,240,18.9,562,88790,1269579527,19246.36,53
350445,Washington Irving Middle,Public School,Principal,Carmen Davis,105 Cummins Highway,Roslindale,MA,2131,617-635-8072,617-635-9363,"06,07,08",Boston,350000,344,26.5,51.7,48.3,272,19.1,438,88790,1269579527,19246.36,53
350658,West Roxbury Academy,Public School,Principal,Rudolph Weekes,1205 V.F.W. Parkway,West Roxbury,MA,2132,617-635-8935,617-635-7912,"09,10,11,12",Boston,350000,496,21.4,53.4,46.6,243,18,574,88790,1269579527,19246.36,53
350366,William E Russell,Public School,Principal,Tamara Blake,750 Columbia Road,Dorchester,MA,2125,617-635-8803,617-635-9768,"PK,K,01,02,03,04,05",Boston,350000,385,11.2,50.9,49.1,112,21.3,415,88790,1269579527,19246.36,53
350360,William Ellery Channing,Public School,Principal,Carline Pignato,35 Sunnyside Street,Hyde Park,MA,2136,617-635-8722,617-635-8564,"PK,K,01,02,03,04,05",Boston,350000,244,8.6,45.9,54.1,147,16.7,311,88790,1269579527,19246.36,53
350258,William H Ohrenberger,Public School,Principal,Naomi Krakow,175 West Boundary Road,West Roxbury,MA,2132,617-635-8157,617-635-8163,"03,04,05,06,07,08",Boston,350000,602,19.6,56,44,310,21.1,687,88790,1269579527,19246.36,53
350363,William McKinley,Public School,Principal,Velecia Saunders,90 Warren Avenue,Boston,MA,2116,617-635-9976,617-635-9985,"K,01,02,03,04,05,06,07,08,09,10,11,12",Boston,350000,337,96.1,72.4,27.6,512,6.7,389,88790,1269579527,19246.36,53
350370,William Monroe Trotter,Public School,Principal,Sarita Thomas,135 Humboldt Avenue,Dorchester,MA,2121,617-635-8225,617-635-7915,"PK,K,01,02,03,04,05,06,07,08",Boston,350000,536,16,52.1,47.9,156,22.3,537,88790,1269579527,19246.36,53
350374,Winship Elementary,Public School,Principal,Monakatellia Ford,54 Dighton Street,Brighton,MA,2135,617-635-8399,617-635-8403,"PK,K,01,02,03,04,05",Boston,350000,243,12.8,54.7,45.3,117,18.1,254,88790,1269579527,19246.36,53
350380,Young Achievers,Public School,Principal,Sean Guthrie,20 Outlook Road,Mattapan,MA,2126,617-635-8623,617-635-9947,"PK,K,01,02,03,04,05,06,07,08",Boston,350000,582,23,51.4,48.6,197,17.1,559,88790,1269579527,19246.36,53
360505,Bourne High School,Public School,Principal,Amy Cetner,75 Waterhouse Rd,Bourne,MA,2532,508-759-0670,508-759-0677,"09,10,11,12",Bourne,360000,436,16.7,50.5,49.5,262,16.4,481,74419,33090991.49,14969.24,41
360325,Bourne Middle School,Public School,Principal,Melissa Stafford,77 Waterhouse Road,Bourne,MA,2532,508-759-0690,508-759-0695,"05,06,07,08",Bourne,360000,711,14.8,49.1,50.9,409,20.3,761,74419,33090991.49,14969.24,41
360005,Bournedale Elementary School,Public School,Principal,Elizabeth Carpenito,41 Ernest Valerie Road,Bournedale,MA,2532,508-759-7437,--,"PK,K,01,02,03,04",Bourne,360000,433,18,53.3,46.7,201,16.5,459,74419,33090991.49,14969.24,41
360010,Peebles Elementary School,Public School,Principal,Jane Norton,70 Trowbridge Rd,Bourne,MA,2532,508-759-0680,508-759-0619,"K,01,02,03,04",Bourne,360000,355,16.3,50.1,49.9,170,17.4,344,74419,33090991.49,14969.24,41
380005,Harry Lee Cole,Public School,Principal,Brian Middleton-Cox,26 Middleton Rd,Boxford,MA,1921,978-887-2856,978-887-0703,"PK,K,01,02",Boxford,380000,327,17.1,55.4,44.6,117,12.5,313,75957,12296367.8,16222.12,100
380013,Spofford Pond,Public School,Principal,Kathryn Castonguay,31 Spofford Road,Boxford,MA,1921,978-352-8616,978-352-7855,"03,04,05,06",Boxford,380000,428,20.1,50.9,49.1,204,16.3,429,75957,12296367.8,16222.12,100
390005,Boylston Elementary,Public School,Principal,Alfred Thompson,200 Sewall Street,Boylston,MA,1505,508-869-2200,508-869-6914,"PK,K,01,02,03,04,05",Boylston,390000,293,10.2,48.1,51.9,168,18,305,74289,4310492.57,13226.43,69
400033,Archie T Morrison,Public School,Principal,John Riordan,260 Liberty Street,Braintree,MA,2184,781-380-0230,781-380-0233,"K,01,02,03,04,05",Braintree,400000,421,16.9,49.4,50.6,212,18.8,395,73535,79838684.12,13837.58,78
400505,Braintree High,Public School,Principal,Andrew Delery,128 Town Street,Braintree,MA,2184,781-848-4000,781-380-0116,"PK,09,10,11,12",Braintree,400000,1755,21.1,50,50,851,16.1,1723,73535,79838684.12,13837.58,78
400050,Donald Ross,Public School,Principal,Francis McGourty,20 Hayward Street,Braintree,MA,2184,781-380-0240,781-380-0243,"K,01,02,03,04,05",Braintree,400000,282,12.4,55,45,165,19,301,73535,79838684.12,13837.58,78
400305,East Middle School,Public School,Principal,John Sheehan,305 River St.,Braintree,MA,2184,781-380-0170,781-848-4522,"06,07,08",Braintree,400000,733,20.2,51.4,48.6,393,17.7,765,73535,79838684.12,13837.58,78
400015,Highlands,Public School,Principal,Nancy Pelletier,144 Wildwood Avenue,Braintree,MA,2184,781-380-0190,781-380-0128,"K,01,02,03,04,05",Braintree,400000,425,17.2,49.2,50.8,218,20.3,427,73535,79838684.12,13837.58,78
400005,Hollis,Public School,Principal,Timothy MacDonald,482 Washington Street,Braintree,MA,2184,781-380-0120,781-380-0122,"K,01,02,03,04,05",Braintree,400000,435,28,53.1,46.9,317,13.9,428,73535,79838684.12,13837.58,78
400025,Liberty,Public School,Principal,Tara Boening,49 Proctor Rd,Braintree,MA,2184,781-380-0210,781-380-0213,"01,02,03,04,05",Braintree,400000,448,14.1,47.8,52.2,234,20.1,443,73535,79838684.12,13837.58,78
400020,Mary E Flaherty School,Public School,Principal,Stacey Soto,99 Lakeside Dr,Braintree,MA,2184,781-380-0180,781-380-0184,"K,01,02,03,04,05",Braintree,400000,371,18.9,49.6,50.4,170,20.9,362,73535,79838684.12,13837.58,78
400009,Monatiquot Kindergarten Center,Public School,Principal,Donna Anderson,25 Brow Avenue,Braintree,MA,2184,781-380-0130,781-380-0146,K,Braintree,400000,262,11.5,51.1,48.9,128,17.9,286,73535,79838684.12,13837.58,78
400310,South Middle School,Public School,Principal,Damon Rainie,232 Peach Street,Braintree,MA,2184,781-380-0160,781-380-0164,"06,07,08",Braintree,400000,677,20.7,48.7,51.3,329,18.6,675,73535,79838684.12,13837.58,78
410010,Eddy Elementary,Public School,Principal,Joanna Hughes,2298 Main Street,Brewster,MA,2631,508-896-4531,508-896-4529,"03,04,05",Brewster,410000,233,18,50.6,49.4,140,18.4,228,82766,10139836,20571.79,64
410005,Stony Brook Elementary,Public School,Principal,Thomas Conrad,384 Underpass Road,Brewster,MA,2631,508-896-4545,508-896-4081,"PK,K,01,02",Brewster,410000,259,13.9,48.3,51.7,154,16.7,280,82766,10139836,20571.79,64
430005,Brimfield Elementary,Public School,Principal,Brian Ledbetter,22 Wales Rd,Brimfield,MA,1010,413-245-7337,413-245-4110,"PK,K,01,02,03,04,05,06",Brimfield,430000,285,13,49.1,50.9,95,17.7,300,63328,4587834,15328.55,83
440421,Ashfield Middle School,Public School,Principal,Barbara Lovell,225 Coe Road,Brockton,MA,2302,508-580-7268,508-580-7072,"06,07,08",Brockton,440000,487,17,50.7,49.3,247,19.2,512,79723,249325908.9,14213.65,55
440007,Barrett Russell School,Public School,Principal,Joanne Camillo,45 Oakdale Street,Brockton,MA,2301,508-894-4418,508-894-4577,K,Brockton,440000,219,6.4,53.4,46.6,104,16.8,218,79723,249325908.9,14213.65,55
440515,Brockton Champion High School,Public School,Principal,Cynthia Burns,175 Warren Avenue,Brockton,MA,2301,508-894-4377,508-894-4380,"09,10,11,12",Brockton,440000,177,35,61,39,194,8.2,150,79723,249325908.9,14213.65,55
440505,Brockton High,Public School,Principal,Clifford Murray,470 Forest Avenue,Brockton,MA,2301,508-580-7633,508-580-7600,"09,10,11,12",Brockton,440000,4264,11.9,50.5,49.5,1510,20.4,4327,79723,249325908.9,14213.65,55
440010,Brookfield,Public School,Principal,Marguerite Masson,135 Jon Drive,Brockton,MA,2302,508-580-7257,508-580-7073,"K,01,02,03,04,05",Brockton,440000,632,10.4,52.5,47.5,287,20.8,727,79723,249325908.9,14213.65,55
440110,Downey,Public School,Principal,John Kelly,55 Electric Avenue,Brockton,MA,2302,508-580-7221,508-580-7075,"K,01,02,03,04,05",Brockton,440000,655,27,56.6,43.4,353,15.1,651,79723,249325908.9,14213.65,55
440001,Dr W Arnone Community School,Public School,Principal,Colleen Proudler,135 Belmont Street,Brockton,MA,2301,508-894-4440,508-894-4464,"K,01,02,03,04,05",Brockton,440000,808,18.1,54.2,45.8,323,22.7,849,79723,249325908.9,14213.65,55
440405,East Middle School,Public School,Principal,Kelly Silva,464 Centre Street,Brockton,MA,2302,508-580-7351,508-580-7090,"06,07,08",Brockton,440000,540,20.9,55.2,44.8,317,18.1,556,79723,249325908.9,14213.65,55
440023,Edgar B Davis,Public School,Principal,Darlene Campbell,380 Plain Street,Brockton,MA,2302,508-580-7360,508-580-7074,"K,01,02,03,04,05,06,07,08",Brockton,440000,1042,7.8,49.6,50.4,423,24.6,1061,79723,249325908.9,14213.65,55
440520,Edison Academy,Public School,Principal,James Cobbs,470 Forest Avenue,Brockton,MA,2301,508-580-7638,508-580-7987,"09,10,11,12",Brockton,440000,153,13.7,52.3,47.7,177,10.8,271,79723,249325908.9,14213.65,55
440080,Frederick Douglass Academy,Public School,Principal,Cynthia Burns,175 Warren Avenue,Brockton,MA,2301,508-580-7033,508-580-7943,"06,07,08,09,10,11,12",Brockton,440000,35,42.9,80,20,94,7.3,80,79723,249325908.9,14213.65,55
440050,Gilmore School Early Childhood Center,Public School,Principal,Joanne Camillo,150 Clinton Street,Brockton,MA,2302,508-580-7685,508-580-7080,"PK,K",Brockton,440000,288,56.9,63.5,36.5,70,14.7,451,79723,249325908.9,14213.65,55
440400,Goddard Alternative School,Public School,Principal,John Lander,20 Union Street,Brockton,MA,2301,508-580-7203,508-580-7083,"04,05,06,07,08,09,10,11,12",Brockton,440000,48,100,66.7,33.3,86,6.4,57,79723,249325908.9,14213.65,55
440045,Hancock,Public School,Principal,Stephen Shaw,125 Pearl Street,Brockton,MA,2301,508-580-7252,508-580-7079,"K,01,02,03,04,05",Brockton,440000,667,6,50.4,49.6,239,24.1,693,79723,249325908.9,14213.65,55
440055,Huntington,Public School,Principal,Marybeth O'Brien,1121 Warren Avenue,Brockton,MA,2301,508-580-7235,508-580-7081,"K,01,02,03,04,05",Brockton,440000,552,7.1,51.6,48.4,183,23.5,509,79723,249325908.9,14213.65,55
440017,John F Kennedy,Public School,Principal,Brian Rogan,900 Ash Street,Brockton,MA,2301,508-580-7278,508-580-7082,"K,01,02,03,04,05",Brockton,440000,605,10.7,50.1,49.9,264,20.4,648,79723,249325908.9,14213.65,55
440422,Joseph F. Plouffe Academy,Public School,Principal,Michelle Nessralla,250 Crescent Street,Brockton,MA,2302,508-894-4301,508-894-4300,"06,07,08",Brockton,440000,693,13.6,48.2,51.8,492,22.5,705,79723,249325908.9,14213.65,55
440065,Louis F Angelo Elementary,Public School,Principal,Marcia Andrade Serpa,472 North Main Street,Brockton,MA,2301,508-894-4501,508-894-4500,"K,01,02,03,04,05",Brockton,440000,883,18.8,51.8,48.2,375,19.4,884,79723,249325908.9,14213.65,55
440003,Manthala George Jr. School,Public School,Principal,Natalie Pohl,180 Colonel Bell Drive,Brockton,MA,2301,508-580-7913,508-580-7917,"K,01,02,03,04,05",Brockton,440000,891,17.6,50.5,49.5,379,20,906,79723,249325908.9,14213.65,55
440002,Mary E. Baker School,Public School,Principal,Valerie Brower,45 Quincy Street,Brockton,MA,2302,508-894-4427,508-894-4472,"K,01,02,03,04,05",Brockton,440000,757,13.6,51.8,48.2,316,19.6,747,79723,249325908.9,14213.65,55
440410,North Middle School,Public School,Principal,Sean Ahern,108 Oak Street,Brockton,MA,2301,508-580-7371,508-580-7088,"06,07,08",Brockton,440000,564,16.1,53,47,399,18.9,612,79723,249325908.9,14213.65,55
440078,Oscar F Raymond,Public School,Principal,Carol McGrath,125 Oak Street,Brockton,MA,2301,508-580-7364,508-580-7085,"K,01,02,03,04,05",Brockton,440000,868,8.6,53.1,46.9,262,25.1,781,79723,249325908.9,14213.65,55
440415,South Middle School,Public School,Principal,Diane Lynch,105 Keith Ave Ext,Brockton,MA,2301,508-580-7311,508-580-7089,"06,07,08",Brockton,440000,513,17.2,52.8,47.2,306,22,567,79723,249325908.9,14213.65,55
440420,West Middle School,Public School,Principal,Clifford Murray,271 West St,Brockton,MA,2301,508-580-7381,508-580-7307,"06,07,08",Brockton,440000,629,18.3,49.8,50.2,371,22.6,706,79723,249325908.9,14213.65,55
450005,Brookfield Elementary,Public School,Principal,Kathleen Hosterman,1 Central Street,Brookfield,MA,1506,508-867-8774,508-867-0320,"PK,K,01,02,03,04,05,06",Brookfield,450000,318,7.5,49.4,50.6,81,20.3,324,62631,3848005,11503.75,72
460001,Brookline Early Education Program at Beacon,Public School,Principal,Vicki Milstein,115 Greenough Street,Brookline,MA,2445,617-713-5471,617-739-7562,PK,Brookline,460000,60,13.3,50,50,5,15,75,91507,133544402.5,17652.46,67
460002,Brookline Early Education Program at Putterham,Public School,Principal,Vicki Milstein,194 Grove Street,Chestnut Hill,MA,2467,617-713-5471,617-739-7562,PK,Brookline,460000,64,31.3,60.9,39.1,6,13.5,81,91507,133544402.5,17652.46,67
460505,Brookline High,Public School,Principal,Anthony Meyer,115 Greenough Street,Brookline,MA,2445,617-713-5003,617-713-5005,"PK,09,10,11,12",Brookline,460000,2009,16.2,50.2,49.8,1073,14.3,1978,91507,133544402.5,17652.46,67
460005,Edith C Baker,Public School,Principal,Mary Brown,205 Beverly Rd,Chestnut Hill,MA,2467,617-879-4500,617-879-4505,"K,01,02,03,04,05,06,07,08",Brookline,460000,764,14,50.8,49.2,446,18.4,780,91507,133544402.5,17652.46,67
460015,Edward Devotion,Public School,Principal,Monica Crowley,194 Boylston St,Brookline,MA,2445,617-879-4400,617-739-7501,"K,01,02,03,04,05,06,07,08",Brookline,460000,798,14.8,51.9,48.1,476,18.8,861,91507,133544402.5,17652.46,67
460025,Heath,Public School,Principal,Asa Sevelius,100 Eliot Street,Chestnut Hill,MA,2467,617-879-4570,617-739-7570,"PK,K,01,02,03,04,05,06,07,08",Brookline,460000,578,9.2,49.1,50.7,289,20.3,589,91507,133544402.5,17652.46,67
460045,John D Runkle,Public School,Principal,Genteen Jean-Michel,50 Druce Street,Brookline,MA,2445,617-879-4650,617-739-7675,"PK,K,01,02,03,04,05,06,07,08",Brookline,460000,613,19.2,51.9,48.1,297,20.5,601,91507,133544402.5,17652.46,67
460030,Lawrence,Public School,Principal,Allyson Hart,27 Francis Street,Brookline,MA,2446,617-879-4303,617-879-4390,"K,01,02,03,04,05,06,07,08",Brookline,460000,711,12.8,51.8,48.2,388,18.5,674,91507,133544402.5,17652.46,67
460020,Michael Driscoll,Public School,Principal,Sujan Talukdar,64 Westbourne Terrace,Brookline,MA,2446,617-879-4250,617-739-7502,"PK,K,01,02,03,04,05,06,07,08",Brookline,460000,600,15.2,51.2,48.8,312,20,607,91507,133544402.5,17652.46,67
460040,Pierce,Public School,Principal,Christine Kelley,50 School Street,Brookline,MA,2446,617-730-2583,617-264-6468,"K,01,02,03,04,05,06,07,08",Brookline,460000,854,8.9,48.8,51.2,439,20.1,829,91507,133544402.5,17652.46,67
460060,The Lynch Center,Public School,Principal,Vicki Milstein,599 Brookline Avenue,Brookline,MA,2445,617-713-5472,617-739-7562,PK,Brookline,460000,68,25,60.3,39.7,6,11.5,69,91507,133544402.5,17652.46,67
460035,William H Lincoln,Public School,Principal,Brian Denitzio,19 Kennard Rd,Brookline,MA,2445,617-879-4600,617-739-7505,"K,01,02,03,04,05,06,07,08",Brookline,460000,576,18.4,49.5,50.5,356,17.7,576,91507,133544402.5,17652.46,67
480505,Burlington High,Public School,Principal,Mark Sullivan,123 Cambridge Street,Burlington,MA,1803,781-270-1836,781-229-4893,"PK,K,09,10,11,12",Burlington,480000,1103,10.7,51.4,48.6,548,15.4,1162,90475,68300609.96,19237.98,66
480007,Fox Hill,Public School,Principal,Ellen Johnson,1 Fox Hill Rd,Burlington,MA,1803,781-270-1791,781-229-5909,"K,01,02,03,04,05",Burlington,480000,388,11.6,53.6,46.4,169,16,372,90475,68300609.96,19237.98,66
480035,Francis Wyman Elementary,Public School,Principal,Nicole Mcdonald,41 Terrace Hall Avenue,Burlington,MA,1803,781-270-1701,781-229-5667,"K,01,02,03,04,05",Burlington,480000,529,11.3,49.1,50.9,231,16.2,505,90475,68300609.96,19237.98,66
480303,Marshall Simonds Middle,Public School,Principal,Richard Connors,114 Winn Street,Burlington,MA,1803,781-270-1781,781-505-4980,"06,07,08",Burlington,480000,821,11.2,53,46.9,722,21.2,852,90475,68300609.96,19237.98,66
480015,Memorial,Public School,Principal,Deborah Dressler,125 Winn Street,Burlington,MA,1803,781-270-1721,781-229-5751,"K,01,02,03,04,05",Burlington,480000,386,13.2,52.1,47.9,179,16.2,396,90475,68300609.96,19237.98,66
480020,Pine Glen Elementary,Public School,Principal,John Lyons,1 Pine Glen Way,Burlington,MA,1803,781-270-1712,781-229-5793,"K,01,02,03,04,05",Burlington,480000,294,11.9,45.6,54.4,143,14.1,283,90475,68300609.96,19237.98,66
490006,Amigos School,Public School,Principal,Sarah Bartels-marrero,15 Upton Street,Cambridge,MA,2139,617-349-6567,617-349-6833,"PK,K,01,02,03,04,05,06,07,08",Cambridge,490000,379,11.9,44.3,55.7,200,16.3,366,78456,194321971.1,27568.87,67
490506,Cambridge Rindge and Latin,Public School,Principal,Damon Smith,459 Broadway Ave,Cambridge,MA,2138,617-349-6632,617-349-6749,"09,10,11,12",Cambridge,490000,1956,16.6,51.8,48.2,1034,15.5,1928,78456,194321971.1,27568.87,67
490305,Cambridge Street Upper School,Public School,Principal,Manuel Fernandez,158 Spring Street,Cambridge,MA,2141,617-349-3050,--,"06,07,08",Cambridge,490000,261,28,49.8,50.2,173,16.9,258,78456,194321971.1,27568.87,67
490007,Cambridgeport,Public School,Principal,Katie Charner-laird,89 Elm Street,Cambridge,MA,2139,617-349-6587,617-349-6511,"PK,K,01,02,03,04,05",Cambridge,490000,311,15.4,55,45,131,16.3,316,78456,194321971.1,27568.87,67
490090,Fletcher/Maynard Academy,Public School,Principal,Robin Harris,225 Windsor Street,Cambridge,MA,2139,617-349-6588,617-349-6595,"PK,K,01,02,03,04,05",Cambridge,490000,260,27.3,51.5,48.5,230,10.9,262,78456,194321971.1,27568.87,67
490080,Graham and Parks,Public School,Principal,Anthony Byers,44 Linnaean Street,Cambridge,MA,2138,617-349-6577,617-349-6590,"PK,K,01,02,03,04,05",Cambridge,490000,392,18.1,51,49,161,15.8,375,78456,194321971.1,27568.87,67
490020,Haggerty,Public School,Principal,Nancy Campbell,110 Cushing Street,Cambridge,MA,2138,617-349-6555,617-349-6034,"PK,K,01,02,03,04,05",Cambridge,490000,253,18.2,49.8,50.2,138,15.1,259,78456,194321971.1,27568.87,67
490065,John M Tobin,Public School,Principal,Jaime Frost,197 Vassal Lane,Cambridge,MA,2138,617-349-6600,617-349-6890,"PK,K,01,02,03,04,05",Cambridge,490000,291,16.2,50.9,49.1,239,8.1,279,78456,194321971.1,27568.87,67
490040,Kennedy-Longfellow,Public School,Principal,Christine Gerber,158 Spring Street,Cambridge,MA,2141,617-349-6841,617-349-3242,"PK,K,01,02,03,04,05",Cambridge,490000,266,14.3,52.3,47.7,145,14.4,276,78456,194321971.1,27568.87,67
490035,King Open,Public School,Principal,Darrell Williams,359 Broadway,Cambridge,MA,2141,617-349-6540,617-349-6548,"PK,K,01,02,03,04,05",Cambridge,490000,325,26.5,52.6,47.4,209,12.1,321,78456,194321971.1,27568.87,67
490005,Maria L. Baldwin,Public School,Principal,Nicholas Leonardos,28 Sacramento Street,Cambridge,MA,2138,617-349-6525,617-349-6893,"PK,K,01,02,03,04,05",Cambridge,490000,356,21.3,48.9,51.1,176,16.3,351,78456,194321971.1,27568.87,67
490030,Martin Luther King Jr.,Public School,Principal,Gerald Yung,102 Putnam Avenue,Cambridge,MA,2139,617-349-6562,617-349-6569,"PK,K,01,02,03,04,05",Cambridge,490000,317,15.1,50.5,49.5,171,15.7,310,78456,194321971.1,27568.87,67
490045,Morse,Public School,Principal,Patricia Beggy,40 Granite Street,Cambridge,MA,2139,617-349-6575,617-349-6576,"PK,K,01,02,03,04,05",Cambridge,490000,306,28.1,52.9,47.1,185,13.1,309,78456,194321971.1,27568.87,67
490050,Peabody,Public School,Principal,Jennifer Ford,70 Rindge Avenue,Cambridge,MA,2140,617-349-6530,617-349-6538,"PK,K,01,02,03,04,05",Cambridge,490000,316,22.2,47.8,52.2,140,19.5,318,78456,194321971.1,27568.87,67
490310,Putnam Avenue Upper School,Public School,Principal,Mirko Chardin,100 Putnam Avenue,Cambridge,MA,2139,617-349-7780,--,"06,07,08",Cambridge,490000,262,26,47.7,52.3,181,17.8,263,78456,194321971.1,27568.87,67
490315,Rindge Avenue Upper School,Public School,Principal,JULIE CRAVEN,70 Rindge Avenue,Cambridge,MA,2140,617-349-4060,617-349-6037,"06,07,08",Cambridge,490000,275,26.5,52.7,47.3,148,19,278,78456,194321971.1,27568.87,67
490320,Vassal Lane Upper School,Public School,Principal,Daniel Coplon-newfield,197 Vassal Lane,Cambridge,MA,2138,617-349-6550,617-349-6686,"06,07,08",Cambridge,490000,268,23.9,48.5,51.5,180,17.9,287,78456,194321971.1,27568.87,67
500505,Canton High,Public School,Principal,Derek Folan,900 Washington Street,Canton,MA,2021,781-821-5050,781-821-5052,"09,10,11,12",Canton,500000,951,7.7,48.8,51,580,17.1,955,77664,48664018,14167.52,70
500020,Dean S Luce,Public School,Principal,Robie Peter,45 Independence St,Canton,MA,2021,781-821-5075,781-575-6528,"K,01,02,03,04,05",Canton,500000,492,8.5,48,52,439,18.2,514,77664,48664018,14167.52,70
500017,John F Kennedy,Public School,Principal,Christine Mcmahon,100 Dedham Street,Canton,MA,2021,781-821-5080,781-575-6543,"K,01,02,03,04,05",Canton,500000,504,11.9,53.6,46.4,383,20.4,495,77664,48664018,14167.52,70
500012,Lt Peter M Hansen,Public School,Principal,David Brauninger,25 Pecunit Street,Canton,MA,2021,781-821-5085,781-575-5662,"K,01,02,03,04,05",Canton,500000,502,8.8,48.4,51.6,373,20.1,479,77664,48664018,14167.52,70
500010,Rodman Early Childhood Center,Public School,Principal,Donna Kilday,960 Washington Street,Canton,MA,2021,781-821-5060,781-575-6500,PK,Canton,500000,90,38.9,56.7,43.3,28,13.1,92,77664,48664018,14167.52,70
500305,Wm H Galvin Middle,Public School,Principal,William Conard,55 Pecunit Street,Canton,MA,2021,781-821-5070,781-575-6509,"06,07,08",Canton,500000,786,13.6,49.2,50.8,481,19.7,806,77664,48664018,14167.52,70
510025,Carlisle School,Public School,Principal,Dennet Sidell,83 School Street,Carlisle,MA,1741,978-369-4102,978-371-2400,"PK,K,01,02,03,04,05,06,07,08",Carlisle,510000,590,12.9,54.9,45.1,222,18.1,613,91182,11656795.18,18050.16,100
520015,Carver Elementary School,Public School,Principal,Ruby Maestas,85 Main Street,Carver,MA,2330,508-866-6211,508-866-6845,"PK,K,01,02,03,04,05",Carver,520000,790,17.6,50.4,49.6,466,17.8,812,66921,24028000.58,14262.48,57
520405,Carver Middle/High School,Public School,Principal,Janelle Clarke-Holley,60 South Meadow Road,Carver,MA,2330,508-866-6140,508-866-5639,"06,07,08,09,10,11,12",Carver,520000,836,20.1,50.7,49.3,419,15.5,829,66921,24028000.58,14262.48,57
560030,Byam School,Public School,Principal,Jason Fredette,25 Maple Road,Chelmsford,MA,1824,978-251-5144,--,"K,01,02,03,04",Chelmsford,560000,495,14.5,56.8,43.2,164,23.3,490,73471,70390125.61,13288.93,63
560005,Center Elementary School,Public School,Principal,Linda Hirsch,84 Billerica Road,Chelmsford,MA,1824,978-251-5155,978-251-5160,"K,01,02,03,04",Chelmsford,560000,434,15,49.3,50.7,152,22.2,443,73471,70390125.61,13288.93,63
560025,Charles D Harrington,Public School,Principal,Michael LaCava,120 Richardson Rd,North Chelmsford,MA,1863,978-251-5166,978-251-5170,"K,01,02,03,04",Chelmsford,560000,471,13.4,55.2,44.8,168,22.1,489,73471,70390125.61,13288.93,63
560505,Chelmsford High,Public School,Principal,Stephen Murray,200 Richardson Rd,North Chelmsford,MA,1863,978-251-5111,978-251-5117,"09,10,11,12",Chelmsford,560000,1484,12.6,48.9,51.1,769,16.8,1509,73471,70390125.61,13288.93,63
560305,Col Moses Parker School,Public School,Principal,Jeffery Parks,75 Graniteville Rd,Chelmsford,MA,1824,978-251-5133,978-251-5140,"05,06,07,08",Chelmsford,560000,725,17.9,50.5,49.5,412,16.7,731,73471,70390125.61,13288.93,63
560001,Community Education Center,Public School,Principal,Amy Matson,170 Dalton Road,Chelmsford,MA,1824,978-251-5188,978-251-5187,PK,Chelmsford,560000,136,47.8,57.4,42.6,96,14.9,176,73471,70390125.61,13288.93,63
560310,McCarthy Middle School,Public School,Principal,Kurt McPhee,250 North Rd,Chelmsford,MA,1824,978-251-5122,978-251-5130,"05,06,07,08",Chelmsford,560000,850,16.8,50.8,49.2,489,16.6,881,73471,70390125.61,13288.93,63
560015,South Row,Public School,Principal,Molly McMahon,250 Boston Rd,Chelmsford,MA,1824,978-251-5177,978-251-5180,"K,01,02,03,04",Chelmsford,560000,379,10.3,56.2,43.8,152,20.2,401,73471,70390125.61,13288.93,63
570505,Chelsea High,Public School,Principal,Priti Johari,299 Everett Avenue,Chelsea,MA,2150,617-466-5000,617-889-8468,"09,10,11,12",Chelsea,570000,1545,9.3,52,48,621,23,1586,64772,96592693.31,13770.24,40
570050,Clark Avenue School,Public School,Principal,Michael Talbot,8 Clark Avenue,Chelsea,MA,2150,617-466-5100,617-889-7539,"05,06,07,08",Chelsea,570000,545,13.8,55.4,44.6,254,22.9,542,64772,96592693.31,13770.24,40
570030,Edgar A Hooks Elementary,Public School,Principal,Adele Lubarsky,300 Crescent Avenue,Chelsea,MA,2150,617-466-5400,617-889-8647,"01,02,03,04",Chelsea,570000,591,10.8,54.8,45.2,24,25.9,622,64772,96592693.31,13770.24,40
570045,Eugene Wright Science and Technology Academy,Public School,Principal,Michelle Martinello Creamer,180 Walnut Street,Chelsea,MA,2150,617-466-5240,617-889-8463,"05,06,07,08",Chelsea,570000,519,18.9,56.8,43.2,177,24.2,510,64772,96592693.31,13770.24,40
570040,Frank M Sokolowski Elementary,Public School,Principal,Jeffrey Bryson,300 Crescent Avenue,Chelsea,MA,2150,617-466-8464,617-889-8470,"01,02,03,04",Chelsea,570000,587,10.7,51.4,48.6,24,26.3,630,64772,96592693.31,13770.24,40
570035,George F. Kelly Elementary,Public School,Principal,Magdalena Sanchez-Gleason,300 Crescent Avenue,Chelsea,MA,2150,617-466-5350,617-889-8644,"01,02,03,04",Chelsea,570000,571,12.1,50.4,49.6,23,25.4,585,64772,96592693.31,13770.24,40
570055,Joseph A. Browne School,Public School,Principal,David Liebowitz,180 Walnut Street,Chelsea,MA,2150,617-466-5235,617-889-8459,"05,06,07,08",Chelsea,570000,576,8.5,48.8,51.2,218,25,618,64772,96592693.31,13770.24,40
570003,Shurtleff Early Childhood,Public School,Principal,Jacqueline Bevere,99 Hawthorn Street,Chelsea,MA,2150,617-466-5150,617-889-8425,"PK,K,01",Chelsea,570000,863,11.1,51.7,48.3,50,17.5,873,64772,96592693.31,13770.24,40
570025,William A Berkowitz Elementary,Public School,Principal,Adam Deleidi,300 Crescent Avenue,Chelsea,MA,2150,617-466-5300,617-889-8646,"01,02,03,04",Chelsea,570000,541,14,53.8,46.2,30,19.9,595,64772,96592693.31,13770.24,40
610003,Barry,Public School,Principal,Jonathan Endelos,44 Connell Street,Chicopee,MA,1020,413-594-3425,413-594-3468,"K,01,02,03,04,05",Chicopee,610000,425,18.8,57.2,42.8,89,20.7,445,65358,108607100,13659.72,59
610010,Belcher,Public School,Principal,Samuel Karlin,125 Montgomery St.,Chicopee,MA,1020,413-594-3526,413-594-3469,"K,01,02",Chicopee,610000,269,16.7,52.8,47.2,69,21.1,287,65358,108607100,13659.72,59
610305,Bellamy Middle,Public School,Principal,Matthew Francis,314 Pendleton Avenue,Chicopee,MA,1020,413-594-3527,413-594-1837,"06,07,08",Chicopee,610000,788,19.4,50.9,49.1,483,18.7,846,65358,108607100,13659.72,59
610015,Bowe,Public School,Principal,David Drugan,115 Hampden Street,Chicopee,MA,1013,413-594-3431,413-594-1848,"PK,K,01,02,03,04,05",Chicopee,610000,452,18.6,48.5,51.5,82,20.8,444,65358,108607100,13659.72,59
610020,Bowie,Public School,Principal,Norman Burgess,80 D.A.R.E. Way,Chicopee,MA,1022,413-594-3532,413-594-3590,"K,01,02,03,04,05",Chicopee,610000,366,10.7,48.9,51.1,94,19.2,349,65358,108607100,13659.72,59
610021,Chicopee Academy,Public School,Principal,John Leonard,12 DARE Way,Chicopee,MA,1020,413-594-3449,413-594-1863,"06,07,08,09,10,11,12",Chicopee,610000,106,39.6,75.5,24.5,122,5.7,108,65358,108607100,13659.72,59
610510,Chicopee Comprehensive High School,Public School,Principal,Derek Morrison,617 Montgomery Street,Chicopee,MA,1020,413-594-3534,413-594-3492,"09,10,11,12",Chicopee,610000,1430,15.9,53.5,46.5,775,15.9,1487,65358,108607100,13659.72,59
610505,Chicopee High,Public School,Principal,James Blain,820 Front Street,Chicopee,MA,1020,413-594-3437,413-594-3500,"09,10,11,12",Chicopee,610000,947,20.1,49.1,50.9,663,13.7,963,65358,108607100,13659.72,59
610310,Dupont Middle,Public School,Principal,Kristopher Theriault,650 Front Street,Chicopee,MA,1013,413-594-1881,413-594-1897,"06,07,08",Chicopee,610000,769,20.5,55.3,44.7,285,19.8,726,65358,108607100,13659.72,59
610050,Fairview Elementary,Public School,Principal,Irene Lemieux,26 Memorial Ave.,Chicopee,MA,1020,413-594-3501,413-594-3509,"K,01,02,03,04,05",Chicopee,610000,448,13.8,50.2,49.8,106,21,421,65358,108607100,13659.72,59
610090,Gen John J Stefanik,Public School,Principal,Amanda Theriault,720 Meadow Street,Chicopee,MA,1013,413-594-3464,413-594-3462,"K,01,02,03,04,05",Chicopee,610000,391,16.9,51.9,48.1,93,19.8,382,65358,108607100,13659.72,59
610040,Lambert-Lavoie,Public School,Principal,William Holt,99 Kendall Street,Chicopee,MA,1020,413-594-3444,413-594-3513,"K,01,02,03,04,05",Chicopee,610000,305,9.2,50.8,49.2,70,18.1,316,65358,108607100,13659.72,59
610022,Litwin,Public School,Principal,Elizabeth Masse,135 Litwin Lane,Chicopee,MA,1020,413-594-3545,413-594-3547,"K,01,02,03,04,05",Chicopee,610000,422,19.9,52.4,47.6,129,15.8,412,65358,108607100,13659.72,59
610065,Streiber Memorial School,Public School,Principal,January Wilson,40 Streiber Drive,Chicopee,MA,1020,413-594-3446,413-594-3480,"K,01,02,03,04,05",Chicopee,610000,284,19,51.1,48.9,97,18.1,283,65358,108607100,13659.72,59
610001,Szetela Early Childhood Center,Public School,Principal,Janet Reid,66 Macek Drive,Chicopee,MA,1013,413-594-3597,413-594-3596,PK,Chicopee,610000,281,43.4,60.1,39.9,22,14.2,312,65358,108607100,13659.72,59
630010,Clarksburg Elementary,Public School,Principal,Tara Barnes,777 W Crossroad,Clarksburg,MA,1247,413-663-8735,413-663-8629,"K,01,02,03,04,05,06,07,08",Clarksburg,630000,173,19.7,46.2,53.8,58,17.1,160,61635,3178055,14913.44,75
640050,Clinton Elementary,Public School,Principal,Robert Rouleau,100 Church Street,Clinton,MA,1510,978-365-4230,978-368-7209,"PK,K,01,02,03",Clinton,640000,706,18.1,52.7,47.3,194,17.1,770,66247,28176189.96,12929.6,58
640305,Clinton Middle School,Public School,Principal,Annmarie Sargent,100 West Boylston Street,Clinton,MA,1510,978-365-4220,978-368-7256,"04,05,06,07,08",Clinton,640000,700,19.9,55.4,44.6,356,20.5,696,66247,28176189.96,12929.6,58
640505,Clinton Senior High,Public School,Principal,James Hastings,200 West Boylston Street,Clinton,MA,1510,978-365-4208,978-365-4237,"PK,09,10,11,12",Clinton,640000,466,19.5,54.1,45.9,246,12.6,430,66247,28176189.96,12929.6,58
650505,Cohasset Middle/High School,Public School,Principal,Carolyn Connolly,143 Pond Street,Cohasset,MA,2025,781-383-6100,781-383-4168,"06,07,08,09,10,11,12",Cohasset,650000,838,12.3,50.7,49.3,513,17.8,850,82963,24144763.33,14937.37,75
650005,Deer Hill,Public School,Principal,Jennifer Dechiara,208 Sohier St,Cohasset,MA,2025,781-383-6115,781-383-6791,"03,04,05",Cohasset,650000,382,12.3,55,45,215,21.7,393,82963,24144763.33,14937.37,75
650010,Joseph Osgood,Public School,Principal,Lisa Farrell,210 Sohier St,Cohasset,MA,2025,781-383-6117,781-383-0255,"PK,K,01,02",Cohasset,650000,366,8.5,51.6,48.4,207,20.7,415,82963,24144763.33,14937.37,75
670005,Alcott,Public School,Principal,Sharon Young,93 Laurel Street,Concord,MA,1742,978-318-9544,978-371-2000,"PK,K,01,02,03,04,05",Concord,670000,473,12.5,49.9,50.1,121,19.1,476,94282,37477871.53,17517.12,98
670305,Concord Middle,Public School,Principal,Justin Cameron,835 Old Marlboro Rd,Concord,MA,1742,978-318-1380,978-318-1392,"06,07,08",Concord,670000,715,15.9,47.7,52.3,505,14.6,683,94282,37477871.53,17517.12,98
670020,Thoreau,Public School,Principal,Angel Charles,29 Prairie Street,Concord,MA,1742,978-318-1300,978-318-1308,"PK,K,01,02,03,04,05",Concord,670000,467,19.9,53.7,46.3,122,19,484,94282,37477871.53,17517.12,98
670030,Willard,Public School,Principal,Matthew Lucey,185 Powder Mill Rd,Concord,MA,1742,978-318-1340,978-318-1348,"PK,K,01,02,03,04,05",Concord,670000,453,12.4,54.3,45.7,117,19.9,480,94282,37477871.53,17517.12,98
680005,Conway Grammar,Public School,Principal,Kristen Gordon,24 Fournier Rd.,Conway,MA,1341,413-369-4239,413-369-4017,"PK,K,01,02,03,04,05,06",Conway,680000,141,18.4,56,44,43,16.1,159,57322,2784212,15545.57,83
710505,Danvers High,Public School,Principal,Katrina Esparza,60 Cabot Road,Danvers,MA,1923,978-777-8925,978-777-8931,"09,10,11,12",Danvers,710000,974,13.9,48.9,51.1,482,16.7,1003,78183,53711945.95,14607.15,58
710015,Great Oak,Public School,Principal,Sharon Burrill,76 Pickering Street,Danvers,MA,1923,978-774-2533,978-777-1471,"K,01,02,03,04,05",Danvers,710000,302,6.3,53.3,46.7,146,20.2,360,78183,53711945.95,14607.15,58
710010,Highlands,Public School,Principal,Paula Jones,190 Hobart,Danvers,MA,1923,978-774-5011,978-777-5821,"K,01,02,03,04,05",Danvers,710000,374,12,49.7,50.3,154,20.5,389,78183,53711945.95,14607.15,58
710305,Holten Richmond Middle School,Public School,Principal,Adam Federico,55 Conant Street,Danvers,MA,1923,978-774-8590,978-762-8686,"06,07,08",Danvers,710000,838,16.2,51.1,48.9,582,17.9,847,78183,53711945.95,14607.15,58
710032,Ivan G Smith,Public School,Principal,Tracey Mara,15 Lobao Drive,Danvers,MA,1923,978-774-1350,978-774-1351,"K,01,02,03,04,05",Danvers,710000,286,10.5,47.2,52.8,106,22,281,78183,53711945.95,14607.15,58
710030,Riverside,Public School,Principal,Violetta Powers,95 Liberty Street,Danvers,MA,1923,978-774-5010,978-774-7850,"PK,K,01,02,03,04,05",Danvers,710000,278,29.5,55.8,44.2,131,17.1,326,78183,53711945.95,14607.15,58
710045,Willis E Thorpe,Public School,Principal,Rita Ward,1 Avon Rd,Danvers,MA,1923,978-774-6946,978-739-4417,"K,01,02,03,04,05",Danvers,710000,327,16.5,53.5,46.5,144,18.2,324,78183,53711945.95,14607.15,58
720005,Andrew B. Cushman School,Public School,Principal,Melissa McHenry,746 Dartmouth Street,Dartmouth,MA,2748,508-996-3926,508-910-1454,"PK,K",Dartmouth,720000,161,18,57.8,42.2,29,21.9,150,73412,46942013.71,12487.23,64
720505,Dartmouth High,Public School,Principal,John Gould,555 Bakerville Road,Dartmouth,MA,2748,508-961-2700,508-910-1410,"09,10,11,12",Dartmouth,720000,1064,10,50.5,49.5,561,16.8,1081,73412,46942013.71,12487.23,64
720050,Dartmouth Middle,Public School,Principal,Darren Doane,366 Slocum Road,North Dartmouth,MA,2747,508-997-9333,508-999-7720,"06,07,08",Dartmouth,720000,965,12.8,51.6,48.4,647,18.2,998,73412,46942013.71,12487.23,64
720030,George H Potter,Public School,Principal,Heidi Brooks,185 Cross Rd,North Dartmouth,MA,2747,508-996-8259,508-990-0250,"K,01,02,03,04,05",Dartmouth,720000,429,11,54.1,45.9,170,22.5,432,73412,46942013.71,12487.23,64
720040,James M. Quinn School,Public School,Principal,Kyle Grandfield,529 Hawthorn Street,Dartmouth,MA,2747,508-997-3178,508-997-6257,"K,01,02,03,04,05",Dartmouth,720000,617,16,54.6,45.4,277,21.8,682,73412,46942013.71,12487.23,64
720015,Joseph Demello,Public School,Principal,Cathy Maccini,654 Dartmouth Street,South Dartmouth,MA,2748,508-996-6750,508-990-2519,"01,02,03,04,05",Dartmouth,720000,419,12.6,49.9,50.1,183,21,427,73412,46942013.71,12487.23,64
730010,Avery,Public School,Principal,Clare Sullivan,336 High Street,Dedham,MA,2026,781-310-5000,781-326-5899,"01,02,03,04,05",Dedham,730000,308,21.4,52.3,47.7,78,17.6,313,76417,50399817.52,17779.59,52
730505,Dedham High,Public School,Principal,James Forrest,140 Whiting Avenue,Dedham,MA,2026,781-310-1100,781-320-8126,"09,10,11,12",Dedham,730000,739,15.2,49.9,50.1,347,15.8,714,76417,50399817.52,17779.59,52
730305,Dedham Middle School,Public School,Principal,Karen Hillman,70 Whiting Avenue,Dedham,MA,2026,781-310-7000,781-461-0354,"06,07,08",Dedham,730000,631,24.6,51.3,48.7,452,17,678,76417,50399817.52,17779.59,52
730005,Early Childhood Center,Public School,Principal,Paul Sullivan,322 Sprague Street,Dedham,MA,2026,781-310-8000,781-326-6445,"PK,K",Dedham,730000,282,16.3,52.1,47.9,80,15.2,303,76417,50399817.52,17779.59,52
730025,Greenlodge,Public School,Principal,Ashley Bodkins,191 Greenlodge Street,Dedham,MA,2026,781-310-4000,781-461-0034,"01,02,03,04,05",Dedham,730000,278,18,54.3,45.7,70,18.6,298,76417,50399817.52,17779.59,52
730030,Oakdale,Public School,Principal,Holli Armstrong,147 Cedar Street,Dedham,MA,2026,781-310-6000,781-320-8915,"01,02,03,04,05",Dedham,730000,272,16.5,46.7,53.3,70,17.5,279,76417,50399817.52,17779.59,52
730045,Riverdale,Public School,Principal,Edward Paris,143 Needham Street,Dedham,MA,2026,781-310-2000,781-251-0732,"01,02,03,04,05",Dedham,730000,183,20.2,57.4,42.6,54,15,184,76417,50399817.52,17779.59,52
740015,Deerfield Elementary,Public School,Principal,Jeanine Heil,21 Pleasant Street,South Deerfield,MA,1373,413-665-1131,413-665-2747,"PK,K,01,02,03,04,05,06",Deerfield,740000,401,18.7,50.4,49.6,150,15.2,420,66349,6347824,13787.63,47
770015,Douglas Elementary School,Public School,Principal,Samuel Cederbaum,19 Davis Street,Douglas,MA,1516,508-476-4200,508-476-2562,"02,03,04,05",Douglas,770000,404,18.1,53.2,46.8,121,26.9,431,66853,18516872.47,11612.24,63
770505,Douglas High School,Public School,Principal,Joshua Romano,33 Davis Street,Douglas,MA,1516,508-476-4100,508-476-7310,"09,10,11,12",Douglas,770000,394,17.8,47.2,52.8,237,13.7,403,66853,18516872.47,11612.24,63
770305,Douglas Middle School,Public School,Principal,Brian Delaney,21 Davis Street,Douglas,MA,1516,508-476-3332,508-476-2562,"06,07,08",Douglas,770000,360,13.9,50.6,49.4,143,25.4,406,66853,18516872.47,11612.24,63
770005,Douglas Primary School,Public School,Principal,Cindy Socha,17 Gleason Court,Douglas,MA,1516,508-476-2154,508-476-4041,"PK,K,01",Douglas,770000,230,18.7,53.9,46.1,62,22,239,66853,18516872.47,11612.24,63
780005,Chickering,Public School,Principal,Laura Dayal,29 Cross Street,Dover,MA,2030,508-785-0480,508-785-9748,"PK,K,01,02,03,04,05",Dover,780000,483,14.9,54.9,45.1,178,20.4,483,95020,12012522,24262.82,100
790035,Brookside Elementary,Public School,Principal,Dawn Smith,1560 Lakeview Avenue,Dracut,MA,1826,978-957-0716,978-957-9726,"K,01,02,03,04,05",Dracut,790000,463,14.7,51.6,48.4,173,23.1,441,70080,44748069,11380.49,56
790505,Dracut Senior High,Public School,Principal,Richard Manley,1540 Lakeview Avenue,Dracut,MA,1826,978-957-1500,978-957-9717,"09,10,11,12",Dracut,790000,801,10,47.7,52.3,387,18.5,846,70080,44748069,11380.49,56
790045,George H. Englesby Elementary School,Public School,Principal,Laurie Fahey,1580 Lakeview Ave,Dracut,MA,1826,978-957-9745,978-957-8449,"K,01,02,03,04,05",Dracut,790000,508,16.9,49.2,50.8,212,21.1,513,70080,44748069,11380.49,56
790030,Greenmont Avenue,Public School,Principal,Nicholas Botelho,37 Greenmont Avenue,Dracut,MA,1826,978-453-1797,978-453-8739,"K,01,02,03,04,05",Dracut,790000,280,15.7,51.4,48.6,108,24,289,70080,44748069,11380.49,56
790020,Joseph A Campbell Elementary,Public School,Principal,Angela Kimble,1021 Methuen Street,Dracut,MA,1826,978-459-6186,978-459-9780,"PK,K,01,02,03,04,05",Dracut,790000,546,20,54.4,45.6,220,21.9,583,70080,44748069,11380.49,56
790410,Justus C. Richardson Middle School,Public School,Principal,Maria McGuinness,1570 Lakeview Ave,Dracut,MA,1826,978-957-3330,978-957-4075,"06,07,08",Dracut,790000,901,14.3,50.8,49.2,449,23,985,70080,44748069,11380.49,56
820004,Alden School,Public School,Principal,Karen Whitaker,75 Alden Street,Duxbury,MA,2332,781-934-7630,781-934-7636,"03,04,05",Duxbury,820000,706,15.7,49.2,50.8,330,21.6,713,74411,42698532.5,13156.23,89
820006,Chandler Elementary,Public School,Principal,Erin Wiesehahn,93 Chandler Street,Duxbury,MA,2332,781-934-7680,781-934-7675,"PK,K,01,02",Duxbury,820000,607,14.3,51.1,48.9,276,20.8,654,74411,42698532.5,13156.23,89
820505,Duxbury High,Public School,Principal,Andrew Stephens,71 Alden Street,Duxbury,MA,2332,781-934-7650,781-934-7617,"09,10,11,12",Duxbury,820000,1057,11.7,51.2,48.8,466,19.8,1097,74411,42698532.5,13156.23,89
820305,Duxbury Middle,Public School,Principal,Blake Dalton,71 Alden Street,Duxbury,MA,2332,781-934-7640,781-934-7608,"06,07,08",Duxbury,820000,751,12.8,53.1,46.9,335,21.8,785,74411,42698532.5,13156.23,89
830005,Central,Public School,Principal,Kate Byrne,107 Central Street,East Bridgewater,MA,2333,508-378-8204,508-378-8229,"PK,K,01,02",East Bridgewater,830000,561,15.5,50.4,49.6,126,19,588,72188,24527294.58,10399.97,58
830505,East Bridgewater JR./SR. High School,Public School,Principal,Paul Vieira,143 Plymouth Street,East Bridgewater,MA,2333,508-378-8214,508-378-8226,"07,08,09,10,11,12",East Bridgewater,830000,1051,14.7,48.6,51.2,390,19.9,1033,72188,24527294.58,10399.97,58
830010,Gordon W Mitchell,Public School,Principal,Andrew Gentile,435 Central Street,East Bridgewater,MA,2333,508-378-8209,508-378-8228,"03,04,05,06",East Bridgewater,830000,690,23.3,54.9,44.9,273,25.4,712,72188,24527294.58,10399.97,58
870305,Birchland Park,Public School,Principal,Timothy Allen,50 Hanward Hill,East Longmeadow,MA,1028,413-525-5480,413-525-5320,"06,07,08",East Longmeadow,870000,628,17,52.4,47.6,345,18.6,646,73819,37248544.41,13554.78,74
870505,East Longmeadow High,Public School,Principal,Gina Flanagan,180 Maple Street,East Longmeadow,MA,1028,413-525-5460,413-525-5496,"09,10,11,12",East Longmeadow,870000,870,14.9,48.7,51.3,396,17,865,73819,37248544.41,13554.78,74
870010,Mapleshade,Public School,Principal,Michael Fredette,175 Mapleshade Avenue,East Longmeadow,MA,1028,413-525-5485,413-525-5321,"03,04,05",East Longmeadow,870000,269,16,44.6,55.4,135,15.6,279,73819,37248544.41,13554.78,74
870013,Meadow Brook,Public School,Principal,Lisa Dakin,607 Parker Street,East Longmeadow,MA,1028,413-525-5470,--,"PK,K,01,02",East Longmeadow,870000,563,15.3,55.2,44.8,180,20.6,571,73819,37248544.41,13554.78,74
870015,Mountain View,Public School,Principal,Elaine Santaniello,77 Hampden Rd,East Longmeadow,MA,1028,413-525-5490,413-525-5447,"03,04,05",East Longmeadow,870000,300,16,51.7,48.3,126,17.6,307,73819,37248544.41,13554.78,74
850005,Eastham Elementary,Public School,Principal,William Crosby,200 Schoolhouse Road,Eastham,MA,2642,508-255-0808,508-240-5403,"PK,K,01,02,03,04,05",Eastham,850000,182,17,48.4,51.6,143,12.8,176,84365,5111078,26985.63,100
860005,Center School,Public School,Principal,Allison Rebello,9 School Street,Easthampton,MA,1027,413-529-1540,413-529-1547,"K,01,02,03,04",Easthampton,860000,194,18.6,58.8,41.2,33,21.6,177,70494,24120880.63,12916.13,60
860505,Easthampton High,Public School,Principal,Kevin Burke,70 Williston Avenue,Easthampton,MA,1027,413-529-1585,413-529-1591,"09,10,11,12",Easthampton,860000,471,15.5,47.1,52.9,189,17.9,456,70494,24120880.63,12916.13,60
860010,Maple,Public School,Principal,Judy Averill,7 Chapel Street,Easthampton,MA,1027,413-529-1550,413-529-1599,"PK,K,01,02,03,04",Easthampton,860000,256,25,53.9,46.1,45,20.5,261,70494,24120880.63,12916.13,60
860020,Neil A Pepin,Public School,Principal,Allison Rebello,4 Park Street,Easthampton,MA,1027,413-529-1545,413-529-1594,"K,01,02,03,04",Easthampton,860000,192,15.1,55.2,44.8,36,21.2,191,70494,24120880.63,12916.13,60
860305,White Brook Middle School,Public School,Principal,Meredith Balise,200 Park Street,Easthampton,MA,1027,413-529-1530,413-529-1534,"05,06,07,08",Easthampton,860000,449,20,48.3,51.7,211,20.3,477,70494,24120880.63,12916.13,60
880003,Center School,Public School,Principal,Ann Weintrob,388 Depot Street,South Easton,MA,2375,508-230-3233,508-230-3240,"PK,K,01,02",Easton,880000,253,13,56.9,43.1,130,19.4,262,73226,48800124.06,12730.58,70
880405,Easton Middle School,Public School,Principal,R. Luke Carroll,98 Columbus Avenue,North Easton,MA,2356,508-230-3222,508-230-3102,"06,07,08",Easton,880000,887,19.4,49.3,50.7,505,18.3,868,73226,48800124.06,12730.58,70
880020,Moreau Hall,Public School,Principal,Thomas Higgins,360 Washington Street,North Easton,MA,2356,508-230-3235,508-230-3237,"PK,K,01,02",Easton,880000,233,6,50.6,49.4,113,18,227,73226,48800124.06,12730.58,70
880505,Oliver Ames High,Public School,Principal,Wesley Paul,100 Lothrop Street,North Easton,MA,2356,508-230-3210,508-238-7325,"09,10,11,12",Easton,880000,1199,15.2,47.2,52.8,416,19.6,1194,73226,48800124.06,12730.58,70
880015,Parkview Elementary,Public School,Principal,Christopher Getchell,50 Spooner Street,North Easton,MA,2356,508-230-3230,508-230-3249,"PK,K,01,02",Easton,880000,343,15.5,52.8,47.2,152,19.9,340,73226,48800124.06,12730.58,70
880025,Richardson Olmsted School,Public School,Principal,Deborah Hammett,101 Lothrop Street,North Easton,MA,2356,508-230-3227,508-230-3244,"03,04,05",Easton,880000,835,17.1,51,49,360,24,865,73226,48800124.06,12730.58,70
890005,Edgartown Elementary,Public School,Principal,John Stevens,35 Robinson Road,Edgartown,MA,2539,508-627-3316,508-627-7983,"PK,K,01,02,03,04,05,06,07,08",Edgartown,890000,348,22.7,45.7,54.3,253,16.2,360,87633,10027905,24122.94,66
910030,Erving Elementary,Public School,Principal,James Trill,28 Northfield Road,Erving,MA,1344,413-423-3326,413-423-3648,"PK,K,01,02,03,04,05,06",Erving,910000,136,20.6,52.9,47.1,47,18.4,135,69342,5013164,19288.82,46
930003,Adams School,Public School,Principal,SHANNON DOHERTY,78 Tileston Street,Everett,MA,2149,617-394-2400,--,PK,Everett,930000,209,9.1,57.4,42.6,64,14.8,236,76272,102060185,13258.53,64
930030,Devens School,Public School,Principal,Brian Wallace,22 Church Street,Everett,MA,2149,617-394-2470,--,"K,01,02,03,04,05,06,07,08,09,10,11,12",Everett,930000,65,90.8,76.9,23.1,138,4,68,76272,102060185,13258.53,64
930505,Everett High,Public School,Principal,Erick Naumann,100 Elm Street,Everett,MA,2149,617-394-2490,617-389-5841,"09,10,11,12",Everett,930000,2023,11.7,52,48,872,17.1,2003,76272,102060185,13258.53,64
930028,George Keverian School,Public School,Principal,Alexander Naumann,20 Nichols Street,Everett,MA,2149,617-394-5020,617-394-5028,"K,01,02,03,04,05,06,07,08",Everett,930000,942,14.1,52.8,47.2,530,21.7,944,76272,102060185,13258.53,64
930038,Lafayette School,Public School,Principal,John Obremski,117 Edith Street,Everett,MA,2149,617-394-2450,617-387-5207,"K,01,02,03,04,05,06,07,08",Everett,930000,931,19.2,47.8,52.2,564,21,962,76272,102060185,13258.53,64
930018,Madeline English School,Public School,Principal,Theresa Tringale,105 Woodville Street,Everett,MA,2149,617-394-5013,617-389-5116,"K,01,02,03,04,05,06,07,08",Everett,930000,878,19.2,49.7,50.3,541,20.3,890,76272,102060185,13258.53,64
930058,Parlin School,Public School,Principal,Michael McLucas,587 Broadway Street,Everett,MA,2149,617-394-2480,617-389-5827,"K,01,02,03,04,05,06,07,08",Everett,930000,871,9.8,49,51,409,23.8,876,76272,102060185,13258.53,64
930010,Sumner G. Whittier School,Public School,Principal,David Brady,337 Broadway,Everett,MA,2149,617-394-2410,617-389-5073,"K,01,02,03,04,05,06,07,08",Everett,930000,595,9.7,47.6,52.4,300,21.7,643,76272,102060185,13258.53,64
930015,Webster School,Public School,Principal,Denise Hanlon,30 Darmouth Street,Everett,MA,2149,617-394-5040,617-394-5043,"PK,K,01,02,03,04",Everett,930000,564,23.9,56.7,43.3,236,15.5,579,76272,102060185,13258.53,64
940010,East Fairhaven,Public School,Principal,Wendy Weidenfeller,2 New Boston Road,Fairhaven,MA,2719,508-979-4058,508-979-4143,"PK,K,01,02,03,04,05",Fairhaven,940000,436,18.1,52.3,47.7,151,21.9,455,65648,24755992.58,12046.13,66
940505,Fairhaven High,Public School,Principal,Tara Quirk,12 Huttleston Avenue,Fairhaven,MA,2719,508-979-4052,508-979-4140,"09,10,11,12",Fairhaven,940000,616,12,47.9,52.1,382,15.1,639,65648,24755992.58,12046.13,66
940305,Hastings Middle,Public School,Principal,Nicholas Bretz,30 School Street,Fairhaven,MA,2719,508-979-4063,508-979-4068,"06,07,08",Fairhaven,940000,458,12,52.6,47.4,291,17,443,65648,24755992.58,12046.13,66
940030,Leroy Wood,Public School,Principal,Amy Hartley,60 Sconticut Neck Road,Fairhaven,MA,2719,508-979-4073,508-979-4111,"K,01,02,03,04,05",Fairhaven,940000,514,12.5,49.8,50.2,220,21.6,521,65648,24755992.58,12046.13,66
950505,B M C Durfee High,Public School,Principal,Matthew Desmarais,360 Elsbree Street,Fall River,MA,2720,508-675-8100,508-675-8186,"09,10,11,12",Fall River,950000,2123,18.4,50.8,49.2,970,16.5,2148,66693,160329690,14076.23,50
950009,Carlton M. Viveiros Elementary School,Public School,Principal,Anne-Marie Scott,525 Slade Street,Fall River,MA,2724,508-675-8300,508-672-7514,"K,01,02,03,04,05",Fall River,950000,725,17.2,53.5,46.5,272,21.2,721,66693,160329690,14076.23,50
950017,Henry Lord Community School,Public School,Principal,Aimee Bronhard,151 Amity Street,Fall River,MA,2721,508-675-8208,--,"PK,K,01,02,03,04,05,06,07,08",Fall River,950000,624,24.7,53.2,46.8,237,17.8,531,66693,160329690,14076.23,50
950140,James Tansey,Public School,Principal,Christopher Audette,711 Ray Street,Fall River,MA,2720,508-675-8206,508-675-4530,"K,01,02,03,04,05",Fall River,950000,293,11.3,47.8,52.2,96,25.3,303,66693,160329690,14076.23,50
950045,John J Doran,Public School,Principal,Eric Bradley,101 Fountain Street,Fall River,MA,2721,508-675-8225,508-235-2608,"PK,K,01,02,03,04,05,06,07,08",Fall River,950000,546,20.9,51.6,48.4,178,24,555,66693,160329690,14076.23,50
950013,Letourneau Elementary School,Public School,Principal,Brian Raposo,323 Anthony Street,Fall River,MA,2721,508-676-2170,508-679-1940,"PK,K,01,02,03,04,05",Fall River,950000,597,13.2,49.6,50.4,220,21.9,606,66693,160329690,14076.23,50
950011,Mary Fonseca Elementary School,Public School,Principal,Alicia Lisi,160 Wall Street,Fall River,MA,2720,508-675-8210,508-675-0889,"K,01,02,03,04,05",Fall River,950000,713,11.8,50.5,49.5,248,23.6,732,66693,160329690,14076.23,50
950320,Matthew J Kuss Middle,Public School,Principal,Maria Pontes,52 Globe Mills Avenue,Fall River,MA,2724,508-675-8335,508-677-1984,"06,07,08",Fall River,950000,770,19.9,49,51,285,22.4,736,66693,160329690,14076.23,50
950315,Morton Middle,Public School,Principal,Sheryl Patterson,1135 North Main Street,Fall River,MA,2720,508-675-8340,508-675-8414,"06,07,08",Fall River,950000,622,22.7,56.1,43.9,267,21.2,632,66693,160329690,14076.23,50
950005,North End Elementary,Public School,Principal,Anne-Marie Scott,1899 Meridian Street,Fall River,MA,2720,508-675-8245,508-675-8314,"PK,K,01,02,03,04,05",Fall River,950000,763,21,54.1,45.9,268,23.1,784,66693,160329690,14076.23,50
950335,Resiliency Middle School,Public School,Principal,Robert Correia,290 Rock Street,Fall River,MA,2720,508-675-8107,508-675-8462,"06,07,08",Fall River,950000,27,25.9,55.6,44.4,20,8.6,43,66693,160329690,14076.23,50
950325,Resiliency Preparatory School,Public School,Principal,Robert Correia,290 Rock Street,Fall River,MA,2720,508-675-8230,508-235-2661,"09,10,11,12",Fall River,950000,162,27.2,58,42,61,7.6,111,66693,160329690,14076.23,50